insert into TALLERES (ID_TALLER, NOMBRE_TALLER, NOMBRE_PROPIETARIO, TELEFONO_TALLER) values (12, 'XF52LVOCIGK8JHDBE7O A2GCANAKBNQB7BTX2UCY1  O98NNFI83MS1SK2IAGGXR', '7 KUO8VCE5NXD6TTAMN3T HF7AI2 1GV32K93UCFWJ2LQ8N4IVOOPXITIV9VN1 G', 15);

insert into TALLERES (ID_TALLER, NOMBRE_TALLER, NOMBRE_PROPIETARIO, TELEFONO_TALLER) values (8, 'C2YKRWWKCI4SS902FEL0M91QRAN1Y26ENT8ASPG31KLSO8PXGYQ3FC6DM88JRTVF', 'H3MNXURBS5I0KHTN90K1F5I8AOPI9 A2JO8T9A4AIXHTCYI5HK4V0V064072OHM8', 5);

insert into TALLERES (ID_TALLER, NOMBRE_TALLER, NOMBRE_PROPIETARIO, TELEFONO_TALLER) values (6, 'XLVJAABY3HSYB376X2BR26BDDLGMR9IIA5VO9XX3VDNL212BREKGH6G LV22S9RV', 'W6KH KM5XJ7MCY0 GPV BKQQ4YSQQJD3NPGF1BI8BFI4R2TX JY682MIQC5O1D36', 17);

insert into TALLERES (ID_TALLER, NOMBRE_TALLER, NOMBRE_PROPIETARIO, TELEFONO_TALLER) values (16, 'B1S7J4T171T07J3A7DEMJ0QX9BJRIXGA0KWK SSQ96LMVG5OX8GR PJISY1JKQL1', '57DI6HAEBWX0R6KD5U5BFENLTTM56HHNBEEL19K10XN1DF08J8X8KX1POS8DNOE6', 7);

insert into TALLERES (ID_TALLER, NOMBRE_TALLER, NOMBRE_PROPIETARIO, TELEFONO_TALLER) values (4, 'QW4BB PTN8XR4RCG0YYFIGAI MBCGDB 9X1Y34MAEDGWXVVAYCR5NUMA2XT4LSWE', 'DREJ9543VBH0I93X42FV6B5  GLOU1VY JR9BXVYTPWN1FXE8IE4QFI5TT1C2X2P', 19);

insert into TALLERES (ID_TALLER, NOMBRE_TALLER, NOMBRE_PROPIETARIO, TELEFONO_TALLER) values (17, 'S9T3WVSSXMEH6D39NYGIWNDRO9NUBAU8WFEB48JH1RP0M6K0E586M0G9SSIHUDPW', 'Y H1BLFY9 RJOP4H2C3J6LLAQWSLC1GVLJ4BPHED41SBXE1I5XG5TSMREGIONPDK', 8);

insert into TALLERES (ID_TALLER, NOMBRE_TALLER, NOMBRE_PROPIETARIO, TELEFONO_TALLER) values (18, 'NMB94EF0YCX  HYQW1 R5B SVGU3DXABDVPM4W4LDPBYUQ55AJ7 M68SS PSV0IY', 'WWS79 5MSLNXW57KVJTNH73BUSV7IWL3X7BGVR 2J343TJ3G07ATXPVKHPKCOWQ4', 18);

insert into TALLERES (ID_TALLER, NOMBRE_TALLER, NOMBRE_PROPIETARIO, TELEFONO_TALLER) values (5, '1RLAC2H8H 7MLGTCVKS3W67C6NO718G3LCJC78UY HVR1NXSRJGLQDC0TL8398 W', '4D5WAOEK0RSHRGCKOQPHXC L9VXDN7HQC4FG80 HBOSUT2QRERIJ4FN2EOYHXMOL', 4);

insert into TALLERES (ID_TALLER, NOMBRE_TALLER, NOMBRE_PROPIETARIO, TELEFONO_TALLER) values (13, 'KMWUNPU XJ5ALSKDXRC6VXNLSQ3BA204PG9CBWIDCBNN68 PS2DFVDPE8NQULPU1', 'SYYX88IRWMYYWR6J7NTV1M86LBB Y7DX636BU3XUO6SMUATSEIEG3U7OYTB6 DPG', 0);

insert into TALLERES (ID_TALLER, NOMBRE_TALLER, NOMBRE_PROPIETARIO, TELEFONO_TALLER) values (0, '8JSFQI4ROVNAOMJVA 3W8JDCSQ8NGGXKPBFNBG APY1PWTRKPVP9CJJSI5DQ5UW4', 'KN7HENBPXQDOFNV2RDP7OA9RYWXG7O1EEEQI89XWCEKYA3RDHVS50E78I4Q6R4TL', 3);

insert into TALLERES (ID_TALLER, NOMBRE_TALLER, NOMBRE_PROPIETARIO, TELEFONO_TALLER) values (14, '51OQE0OMN5FEI1CXQV34GPBQTUI5RPIN PR99OTY7Q0Y4Q5OIVR7RR LKKPXE4OM', 'L 8BLJ5G26SE 8284KEAB 1FYS2QOUQDESR0JDJYKP5W0VHRPQYQM1V6X0ULTDJJ', 10);

insert into TALLERES (ID_TALLER, NOMBRE_TALLER, NOMBRE_PROPIETARIO, TELEFONO_TALLER) values (10, '05I 19A1DWQW7N62JKV7FMYFYTQ6 II2HXENQV35MI3X7UJVRFBVDITPPVX1EI7I', 'J 1N4XTHSJFEP5WLLEHIWX0VMON82G8H2JFB9OVP1X0YDHBULGPS17WDKHQ455X5', 9);

insert into TALLERES (ID_TALLER, NOMBRE_TALLER, NOMBRE_PROPIETARIO, TELEFONO_TALLER) values (1, ' ENYDVD2S8AMDMMEHQI LX9ITUBOD470KP1RTVE45K7O0JUHHINDVO7GRJKALJ07', 'J7 6SDPT1X0J6J 8YIYPUR56MU0UORU TGEEH1HHYE579A7X7 BG0SH77 1X7WFX', 14);

insert into TALLERES (ID_TALLER, NOMBRE_TALLER, NOMBRE_PROPIETARIO, TELEFONO_TALLER) values (9, 'OT2USTO6CQCT6IUHVJJTXTNNGN22NAC76DV30YTMISWRXOFB8GL9EQUR4JSA163N', '9M15YYKYBXS1K0IPG2E94OV 1Y0 8G9JLSVQRQG 3X0626IU2PLCP8DJ9IUN2N3T', 1);

insert into TALLERES (ID_TALLER, NOMBRE_TALLER, NOMBRE_PROPIETARIO, TELEFONO_TALLER) values (11, 'AX6D2PKD2INA7HIEHM KU03 HFE9398SPOINGXWWXI47UN7P06GPOLY0LA696XYB', 'WTLBE8SWLLIQIN24WPV 5E7GG81L VTDRBIA7KEIMWMWNH5V6JVISHQSJGSH6VG9', 13);

insert into TALLERES (ID_TALLER, NOMBRE_TALLER, NOMBRE_PROPIETARIO, TELEFONO_TALLER) values (15, 'HQXSJLV7D4FCL5QQK4FLAN24 W5OGSLI2W6VN3RR4JDJ4AJHC309WO83KSVU2SN5', '2RLWF876CKEW33V0KKW9V1J7XDX2PO858BIJBVCSA4HXE4HV4UWLIYAUEUY3KKJ6', 12);

insert into TALLERES (ID_TALLER, NOMBRE_TALLER, NOMBRE_PROPIETARIO, TELEFONO_TALLER) values (19, 'ESOT 1XN9OEQ M6IYOXPOFH8LAO7 3QKOTJQOAYFB8MTN DXB4K1QXXDUHG768OK', 'Y0HLWI3SIW7BYHHG9AJWQCUD4M1BN5T3FKHI7FW4BYJB6EF6VK0OIL81P4 MQ9T2', 6);

insert into TALLERES (ID_TALLER, NOMBRE_TALLER, NOMBRE_PROPIETARIO, TELEFONO_TALLER) values (3, 'O4FOR2K87QTSIJYCVH B0JUWEAUBGYELGOQR5TLO9GDLTM1WFLWOESOQSC10IA1K', '7K4O35C9K64A9E3182BBOFLL3O8SJ0BV9COMEJ58F8ALD9EK020D U9BR9YQOWBT', 2);

insert into TALLERES (ID_TALLER, NOMBRE_TALLER, NOMBRE_PROPIETARIO, TELEFONO_TALLER) values (2, 'I8J4N93Y6FE9R RA65O8OM2BY40V2KUVRAIW2G8R4IMVGJGPPHC8J6QL8U9GLFAJ', 'Y 0UTP9LIIXLL0CTAJBC41Q0GQWDNK Q4FPV 0OET9PRV08EK95SMLL1FPIMV LX', 11);

insert into TALLERES (ID_TALLER, NOMBRE_TALLER, NOMBRE_PROPIETARIO, TELEFONO_TALLER) values (7, 'J5 B OCBMAEHWKOX3UKUMWM3DI1BLQV1KWYM0JYFM8T8 M17P5OCEJSTJX75FNEG', 'WA0BF7NASHVJ2WDDPU2B0BP9AJVHPHMBX2SRJ6JD8XBF0JCG1KAINBY22FQYDJNB', 16);

insert into MOTORES (ID_MOTOR, NOMBRE_MOTOR) values (4, 'EQESHHP9XQEUTOGPEMHOMECRW61L0N69');

insert into MOTORES (ID_MOTOR, NOMBRE_MOTOR) values (11, 'MD6LF8N8F1B7S 9UQWLHBDYN7GRD6YAL');

insert into MOTORES (ID_MOTOR, NOMBRE_MOTOR) values (1, '27QQC6KL1WT1J40 SXIQEJ6Y5V 0KWIK');

insert into MOTORES (ID_MOTOR, NOMBRE_MOTOR) values (12, 'W10M8MUC5EVNFAAJGEITRB2YBVHEYDHE');

insert into MOTORES (ID_MOTOR, NOMBRE_MOTOR) values (6, 'NEMP 31YKF5FP0UJ PI7AFQCPRSB3H1V');

insert into MOTORES (ID_MOTOR, NOMBRE_MOTOR) values (13, 'BNUGEHYFHMXNJ2LH222EPSKHQJYOKO68');

insert into MOTORES (ID_MOTOR, NOMBRE_MOTOR) values (14, 'AVJE7UHBIE5SYHLFSJHXPP 362TDVM1D');

insert into MOTORES (ID_MOTOR, NOMBRE_MOTOR) values (2, 'BYA3 MNQN0F9YN30MVLCUONLAXSDGBXL');

insert into MOTORES (ID_MOTOR, NOMBRE_MOTOR) values (0, 'MLC3AGO8BF1HE5EAHM 9MKCTOJYNN19S');

insert into MOTORES (ID_MOTOR, NOMBRE_MOTOR) values (10, 'S8K0KCY CFWY2X4YN5UAEG07D026OCPD');

insert into MOTORES (ID_MOTOR, NOMBRE_MOTOR) values (7, 'T4HH3I0N KK8O4W5UL22GPRNSCJ0O0 B');

insert into MOTORES (ID_MOTOR, NOMBRE_MOTOR) values (9, '5AB66GHGT6AUR9MM6U6A00VOR8F7O722');

insert into MOTORES (ID_MOTOR, NOMBRE_MOTOR) values (15, 'KIWTX094YEYDW19L6MBP5AQ8K7GWOA M');

insert into MOTORES (ID_MOTOR, NOMBRE_MOTOR) values (16, 'IYIN QKGORMFLDMTQG0CFENCCLI JMWE');

insert into MOTORES (ID_MOTOR, NOMBRE_MOTOR) values (19, 'MY2ASX M11T5JDGFXA0V0Y0LLSDSBS6 ');

insert into MOTORES (ID_MOTOR, NOMBRE_MOTOR) values (3, '7O760BOE64458KGO65AMPOBNPMEN4H7H');

insert into MOTORES (ID_MOTOR, NOMBRE_MOTOR) values (8, 'KE8J96 1ONWGO629I7IU41G G3U5ELJF');

insert into MOTORES (ID_MOTOR, NOMBRE_MOTOR) values (17, 'G77L44E9F 68SQ HDF1RQQIM 1KWI9XT');

insert into MOTORES (ID_MOTOR, NOMBRE_MOTOR) values (18, 'Y PM20METCOLE206LLUN0SQ5V04LPY9A');

insert into MOTORES (ID_MOTOR, NOMBRE_MOTOR) values (5, 'MC4XF DALOQQ794MD7JU7HIN1CNX6FMV');

insert into PERSONAS (CC_PERSONA, NOMBRES_APELLIDOS, TELEFONO_PERSONA) values (6, 'TMUBJF N5OEJQP0ASITGMXYE6QV5SG6X3HUO57PMSX2Q0PWVXWX9M9SJTPLOCB6X', 8);

insert into PERSONAS (CC_PERSONA, NOMBRES_APELLIDOS, TELEFONO_PERSONA) values (3, 'KYBPMW6WPPCLB7L6GFLHXCKKNGPQ73DL99WLKXC1M IR42NP45WA3PS8NEAE7AG6', 19);

insert into PERSONAS (CC_PERSONA, NOMBRES_APELLIDOS, TELEFONO_PERSONA) values (10, 'MB0LI180QJEWQIVH2XH K93U5O1T7Q7HGWK0T83FJ0JLHX33SEMUQ3B9YBB6WIMV', 10);

insert into PERSONAS (CC_PERSONA, NOMBRES_APELLIDOS, TELEFONO_PERSONA) values (0, '0K83USBC1O4LH3EN90C8VPDS604OX0S6YLC9TBFELP0LU0 RUY9F5RECGA4KUU1U', 4);

insert into PERSONAS (CC_PERSONA, NOMBRES_APELLIDOS, TELEFONO_PERSONA) values (13, 'A4TTVL5R 1NDKY7M97NWN9PDPIN300SRI A80TB4EB9PIKKXOJG1EHOSDPPMUONF', 12);

insert into PERSONAS (CC_PERSONA, NOMBRES_APELLIDOS, TELEFONO_PERSONA) values (5, 'GV1V8DYOF3LEHMRVOIA98 X47RWEKDCSE7Y9DY762K5B6BN87HE30L7CFCJUCVTE', 16);

insert into PERSONAS (CC_PERSONA, NOMBRES_APELLIDOS, TELEFONO_PERSONA) values (8, '28OU5KEYPS2C825BNIP0FFE0MWLD883BGYE69F1R6M2D5KGWTIRL3WK8ULMC7SF5', 17);

insert into PERSONAS (CC_PERSONA, NOMBRES_APELLIDOS, TELEFONO_PERSONA) values (7, '441UA3Q ONNCBSUEW6TFJNWMGGX9466YXB5EPD9HT8V94 SNGYQ26OT9C9GLSAWF', 14);

insert into PERSONAS (CC_PERSONA, NOMBRES_APELLIDOS, TELEFONO_PERSONA) values (1, '7WYHVDMNNKH4RRV3J226D7TWOKPWVC9RM AQ3HVGMLWXDVWNIJ FCRKO5O P R3M', 18);

insert into PERSONAS (CC_PERSONA, NOMBRES_APELLIDOS, TELEFONO_PERSONA) values (9, 'BIPUJDACI16S1HRT86CI95XDQS4KMCFAS4CJD 9CMF1SOYJLWKO66GW8YQQ552FI', 1);

insert into PERSONAS (CC_PERSONA, NOMBRES_APELLIDOS, TELEFONO_PERSONA) values (18, ' B2KJIFYL1U15 IJ523601L2M7X2YAEM8BCO HG9HYMP8H0P0TGBOJD60ON 7LSG', 7);

insert into PERSONAS (CC_PERSONA, NOMBRES_APELLIDOS, TELEFONO_PERSONA) values (12, '98CPIP9VQ020MQNPXQ8EYXNHSFDN1T9C8SVHV8VV8VJ5U72ORKKAHD2B1F9SH6K8', 13);

insert into PERSONAS (CC_PERSONA, NOMBRES_APELLIDOS, TELEFONO_PERSONA) values (4, 'ONDWNEHY9X0EFP69RQ7VVDEL8J55H1NIK5YUGUGAIE51RC OKJM3MPLU8AJKV7N6', 5);

insert into PERSONAS (CC_PERSONA, NOMBRES_APELLIDOS, TELEFONO_PERSONA) values (11, '9HF9OIAL288D3FNN92XV4FP D3JUFLRPIK63PKO5F8AROMIGB3U7OV KC3YVRJF4', 15);

insert into PERSONAS (CC_PERSONA, NOMBRES_APELLIDOS, TELEFONO_PERSONA) values (15, 'J4ACRIEOGXVKMV2TM9S3HNUL989JHK70VOJ212HKJMB8XCX5GXULOOVPL7IQ0JSE', 11);

insert into PERSONAS (CC_PERSONA, NOMBRES_APELLIDOS, TELEFONO_PERSONA) values (14, 'EKNHRQE9HGB8O 2DRCQOD8DP84SE7MJ CVVBE1LP5H6E85CY47SJGQLBKIHDLSAQ', 9);

insert into PERSONAS (CC_PERSONA, NOMBRES_APELLIDOS, TELEFONO_PERSONA) values (17, 'NVWCR9 NYVK15D8E1CH65JFD M7E119L8WTIC1WCMT7DSRQV419JXGRAC2HBD2JJ', 0);

insert into PERSONAS (CC_PERSONA, NOMBRES_APELLIDOS, TELEFONO_PERSONA) values (2, 'I6EQLBVG6ACQFM14GB6J7KQ3X7FXCUE28L2YV9K962 IBMHDJ 2695JAG7V4LP76', 3);

insert into PERSONAS (CC_PERSONA, NOMBRES_APELLIDOS, TELEFONO_PERSONA) values (19, 'KWX6GBSJHOQ1JNJG7PAGBULX1Y7SQ7KH3KPHHBJMEGWR4 TNSUXFIJHL77LU6570', 2);

insert into PERSONAS (CC_PERSONA, NOMBRES_APELLIDOS, TELEFONO_PERSONA) values (16, 'TWTU18XBOHE3 16UXLO6VGWDTFS9CPYE4 AF3E90EOTIXLJFRW TA PW8X60H8WT', 6);

insert into REPORTES (ID_REPORTE, CC_PERSONA, TOTAL) values (12, 6, 14);

insert into REPORTES (ID_REPORTE, CC_PERSONA, TOTAL) values (3, 2, 17);

insert into REPORTES (ID_REPORTE, CC_PERSONA, TOTAL) values (5, 7, 9);

insert into REPORTES (ID_REPORTE, CC_PERSONA, TOTAL) values (16, 17, 0);

insert into REPORTES (ID_REPORTE, CC_PERSONA, TOTAL) values (1, 17, 18);

insert into REPORTES (ID_REPORTE, CC_PERSONA, TOTAL) values (17, 2, 19);

insert into REPORTES (ID_REPORTE, CC_PERSONA, TOTAL) values (2, 18, 3);

insert into REPORTES (ID_REPORTE, CC_PERSONA, TOTAL) values (4, 3, 16);

insert into REPORTES (ID_REPORTE, CC_PERSONA, TOTAL) values (7, 14, 4);

insert into REPORTES (ID_REPORTE, CC_PERSONA, TOTAL) values (9, 14, 12);

insert into REPORTES (ID_REPORTE, CC_PERSONA, TOTAL) values (8, 2, 6);

insert into REPORTES (ID_REPORTE, CC_PERSONA, TOTAL) values (14, 19, 13);

insert into REPORTES (ID_REPORTE, CC_PERSONA, TOTAL) values (0, 4, 11);

insert into REPORTES (ID_REPORTE, CC_PERSONA, TOTAL) values (6, 1, 10);

insert into REPORTES (ID_REPORTE, CC_PERSONA, TOTAL) values (10, 4, 7);

insert into REPORTES (ID_REPORTE, CC_PERSONA, TOTAL) values (19, 4, 8);

insert into REPORTES (ID_REPORTE, CC_PERSONA, TOTAL) values (13, 4, 1);

insert into REPORTES (ID_REPORTE, CC_PERSONA, TOTAL) values (18, 5, 15);

insert into REPORTES (ID_REPORTE, CC_PERSONA, TOTAL) values (11, 8, 2);

insert into REPORTES (ID_REPORTE, CC_PERSONA, TOTAL) values (15, 14, 5);

insert into TRABAJOS (ID_TRABAJO, NOMBRE_TRABAJO, VALOR_TRABAJO) values (6, 'A7GYD6OOYPTK324RG 3 SNS6FBSAWHCB', 1);

insert into TRABAJOS (ID_TRABAJO, NOMBRE_TRABAJO, VALOR_TRABAJO) values (14, '3J52X0SUMLSA2PCRUP3LU4M5V7UJYMRL', 19);

insert into TRABAJOS (ID_TRABAJO, NOMBRE_TRABAJO, VALOR_TRABAJO) values (0, '4U145DS25VT8BB2QVSCILOW2QG5XRY7S', 11);

insert into TRABAJOS (ID_TRABAJO, NOMBRE_TRABAJO, VALOR_TRABAJO) values (7, '3680NREDR3INK184JGEG571  BB 2JTX', 16);

insert into TRABAJOS (ID_TRABAJO, NOMBRE_TRABAJO, VALOR_TRABAJO) values (19, '90NA KNW85FBJW1GDCISMKO45DPUMBX4', 7);

insert into TRABAJOS (ID_TRABAJO, NOMBRE_TRABAJO, VALOR_TRABAJO) values (10, 'G6X4T5UYUERQ1R1IFJSJ6KSWDOFB766O', 10);

insert into TRABAJOS (ID_TRABAJO, NOMBRE_TRABAJO, VALOR_TRABAJO) values (9, ' YLFUOL0HKJ3UH 5AH2F1ULU7OFXNVJ3', 4);

insert into TRABAJOS (ID_TRABAJO, NOMBRE_TRABAJO, VALOR_TRABAJO) values (4, 'O UNRASPHTM5US F43 RE0MOS7FQU46Y', 6);

insert into TRABAJOS (ID_TRABAJO, NOMBRE_TRABAJO, VALOR_TRABAJO) values (11, ' DP0B1JTQNLDVACJKLYJJIN9SJWLMHM2', 15);

insert into TRABAJOS (ID_TRABAJO, NOMBRE_TRABAJO, VALOR_TRABAJO) values (8, 'SL0B9UBBP2TWUKQSTO6FPRSLEC3WYFMC', 0);

insert into TRABAJOS (ID_TRABAJO, NOMBRE_TRABAJO, VALOR_TRABAJO) values (17, 'LJC1FJU8CFGHP01RKGNQ82DVCN3SRE8U', 3);

insert into TRABAJOS (ID_TRABAJO, NOMBRE_TRABAJO, VALOR_TRABAJO) values (13, 'R2DJCH3WF6HH0ISU42YS38QNOV1Q3HIL', 9);

insert into TRABAJOS (ID_TRABAJO, NOMBRE_TRABAJO, VALOR_TRABAJO) values (2, '6CWW1JQTUSHKL5NX8SKM4RL7BIY74TTI', 8);

insert into TRABAJOS (ID_TRABAJO, NOMBRE_TRABAJO, VALOR_TRABAJO) values (1, '3IPPJF5TTFFUEN59UY0VDI206S2SQN2G', 17);

insert into TRABAJOS (ID_TRABAJO, NOMBRE_TRABAJO, VALOR_TRABAJO) values (12, 'FYU 6GKITW0KVYQW82RANA0OH9X3DUT0', 18);

insert into TRABAJOS (ID_TRABAJO, NOMBRE_TRABAJO, VALOR_TRABAJO) values (5, 'PH7C9VHLTJNPHX2Y373DTTJ30WUDI8XV', 14);

insert into TRABAJOS (ID_TRABAJO, NOMBRE_TRABAJO, VALOR_TRABAJO) values (18, 'Y9F45UO0C KSPB5TRP18QP3804XJOIH ', 5);

insert into TRABAJOS (ID_TRABAJO, NOMBRE_TRABAJO, VALOR_TRABAJO) values (15, 'OW 8AG7UHCR34T7W0FENCGD8CN45FAVE', 2);

insert into TRABAJOS (ID_TRABAJO, NOMBRE_TRABAJO, VALOR_TRABAJO) values (16, ' F1A1MFAS21J9 SV7KT3KHDECQ1GA4SB', 13);

insert into TRABAJOS (ID_TRABAJO, NOMBRE_TRABAJO, VALOR_TRABAJO) values (3, 'G9LJWAXPE3XMP9QI7QOME5B6WY7BWE73', 12);

insert into PARTES (ID_PARTE, NOMBRE_PARTE) values (15, 'MYF1E9WCI57JFYNJ2TGUAQ8F21FDL JI');

insert into PARTES (ID_PARTE, NOMBRE_PARTE) values (8, 'K84BT8HA2KV3PI6YU514M85FCKUBXTQD');

insert into PARTES (ID_PARTE, NOMBRE_PARTE) values (7, 'PEC8PONEJ4IUE4MCMPEYTT3UVUJ2XN7P');

insert into PARTES (ID_PARTE, NOMBRE_PARTE) values (18, 'ETD47KRTNYTTMREOQQY97KTOWGXPG39W');

insert into PARTES (ID_PARTE, NOMBRE_PARTE) values (19, 'YOTKWAXF26U6 QPLJEF7P5UMMXLLV90T');

insert into PARTES (ID_PARTE, NOMBRE_PARTE) values (16, 'R5I90M3PMQVCNUIEEUS1RGH CQJ35JA5');

insert into PARTES (ID_PARTE, NOMBRE_PARTE) values (0, '88K16QXT0JHSB7N0R0C6AYTQC7YUQTT4');

insert into PARTES (ID_PARTE, NOMBRE_PARTE) values (9, 'RVFWM8XK5EI78FL11SL9RDQI KCLMD P');

insert into PARTES (ID_PARTE, NOMBRE_PARTE) values (17, 'VYR133CES04F5FQQR1F 9YVNK0I8BV1F');

insert into PARTES (ID_PARTE, NOMBRE_PARTE) values (6, '08JRWQ8HWYRGDN50EFY99AN2KKGUWF L');

insert into PARTES (ID_PARTE, NOMBRE_PARTE) values (13, 'QC2KUYELBT2EOTRFJLJ6WEBEC8KMYHL1');

insert into PARTES (ID_PARTE, NOMBRE_PARTE) values (1, 'LVT29YG41X2KF678P2VWROTVFUG MYGC');

insert into PARTES (ID_PARTE, NOMBRE_PARTE) values (10, '6BO21ET7 P0FJA AJ8XT   F881FH4VQ');

insert into PARTES (ID_PARTE, NOMBRE_PARTE) values (14, '40PHKAMK8BGLF5A5OHYH9ICNB2IOSQ01');

insert into PARTES (ID_PARTE, NOMBRE_PARTE) values (12, '2A9HT2TMRX8S075 S0GJRW8Q8XAJ7WRT');

insert into PARTES (ID_PARTE, NOMBRE_PARTE) values (11, 'PB297K4FNLF0R9EOK08U98SMKB6103U7');

insert into PARTES (ID_PARTE, NOMBRE_PARTE) values (2, '184QH8JBR 9BXRE4IQ1AX A7J9 FUSG3');

insert into PARTES (ID_PARTE, NOMBRE_PARTE) values (5, 'KYXB7RQEXITM CX9XV8XTVXK71DCO03T');

insert into PARTES (ID_PARTE, NOMBRE_PARTE) values (3, 'DDXID XGJJ7FCAH1C69TF7EVM4C4 PKE');

insert into PARTES (ID_PARTE, NOMBRE_PARTE) values (4, 'N5A4X8A17L17 XDS BHA0IDHVH78JV2I');

insert into NUEVOS_REPUESTOS (ID_REPUESTO, NOMBRE_REPUESTO) values (7, 'M59VL4 6HXMNDMO24ICGU9JB3BNIRHXT');

insert into NUEVOS_REPUESTOS (ID_REPUESTO, NOMBRE_REPUESTO) values (2, '1VVQH6ING4VOVP3IT8EBILQJP2S3SQTY');

insert into NUEVOS_REPUESTOS (ID_REPUESTO, NOMBRE_REPUESTO) values (19, '8AJYGFE9A17SYRIY7FDM4YQ5GCR9WYUF');

insert into NUEVOS_REPUESTOS (ID_REPUESTO, NOMBRE_REPUESTO) values (1, 'B4AQ6 JP0RMCSGDHIRG5PRTQVO4G3I9L');

insert into NUEVOS_REPUESTOS (ID_REPUESTO, NOMBRE_REPUESTO) values (15, 'K1GFWDHFQ8DS5QUQWU1TPPXJLHT9V37G');

insert into NUEVOS_REPUESTOS (ID_REPUESTO, NOMBRE_REPUESTO) values (10, '5LLIELOGKF TB2V1O6VP7 WD96 EAUHN');

insert into NUEVOS_REPUESTOS (ID_REPUESTO, NOMBRE_REPUESTO) values (13, 'C8LOY 9GN4982A9F25 0P4BTI03SW9SJ');

insert into NUEVOS_REPUESTOS (ID_REPUESTO, NOMBRE_REPUESTO) values (0, 'GCKOEB9T51B0RMIHF5N4D3I104VGTCI2');

insert into NUEVOS_REPUESTOS (ID_REPUESTO, NOMBRE_REPUESTO) values (18, 'T6 H3QDJATIA8QYK2CFLSAMWJMBLOFVV');

insert into NUEVOS_REPUESTOS (ID_REPUESTO, NOMBRE_REPUESTO) values (16, 'SXJ8YT5BB HCXNOMDV654GKUUHRLM8V9');

insert into NUEVOS_REPUESTOS (ID_REPUESTO, NOMBRE_REPUESTO) values (9, 'PP77DJVGI 7LRUK9QS1L2S13OMQYDY85');

insert into NUEVOS_REPUESTOS (ID_REPUESTO, NOMBRE_REPUESTO) values (5, 'DRIXY9BNBA4Q1CJUXPL4KRKCBDKOT FQ');

insert into NUEVOS_REPUESTOS (ID_REPUESTO, NOMBRE_REPUESTO) values (12, 'G53QCTCNQYHWD3DPD7BBGOTS4PE59HUB');

insert into NUEVOS_REPUESTOS (ID_REPUESTO, NOMBRE_REPUESTO) values (17, '6C7ADMBQY9X3AKPW9O44IWY5DE8GXEUM');

insert into NUEVOS_REPUESTOS (ID_REPUESTO, NOMBRE_REPUESTO) values (6, 'FWBEY43OR4U76SVLINOYX371CT4K FO3');

insert into NUEVOS_REPUESTOS (ID_REPUESTO, NOMBRE_REPUESTO) values (8, '4C80J790XE B023K2KVADDJSCBFP6LFT');

insert into NUEVOS_REPUESTOS (ID_REPUESTO, NOMBRE_REPUESTO) values (14, '71Y7375VATBQB686VSXT46QDQ1T6RDVK');

insert into NUEVOS_REPUESTOS (ID_REPUESTO, NOMBRE_REPUESTO) values (3, 'OAV66RY1P25T2A3LYLAC HBEV56HIOOQ');

insert into NUEVOS_REPUESTOS (ID_REPUESTO, NOMBRE_REPUESTO) values (4, 'JCLET1LY3P16U14HA3RT8JL66MQ8SR7E');

insert into NUEVOS_REPUESTOS (ID_REPUESTO, NOMBRE_REPUESTO) values (11, 'TA EKIRRD7THRCMA FCFQ3PM3E 9ECNB');

insert into MEDIDAS (ID_MEDIDA, ID_MOTOR, ID_PARTE, NOMBRE_MEDIDA, VALOR_MEDIDA) values (14, 4, 15, 'LO2R0M39DSR422KOIA CDM4F20GQ73MK', 19);

insert into MEDIDAS (ID_MEDIDA, ID_MOTOR, ID_PARTE, NOMBRE_MEDIDA, VALOR_MEDIDA) values (15, 2, 3, 'RU9 COQ0MRQT0JICXHTFMDATXMBIRCEE', 18);

insert into MEDIDAS (ID_MEDIDA, ID_MOTOR, ID_PARTE, NOMBRE_MEDIDA, VALOR_MEDIDA) values (7, 12, 15, '0JEUEUDYXT3KYNYKXE62WXFXCAQG0S22', 6);

insert into MEDIDAS (ID_MEDIDA, ID_MOTOR, ID_PARTE, NOMBRE_MEDIDA, VALOR_MEDIDA) values (5, 10, 15, '4UFQ5CHTCVAGVLFT8249GRIB DRSOC4E', 8);

insert into MEDIDAS (ID_MEDIDA, ID_MOTOR, ID_PARTE, NOMBRE_MEDIDA, VALOR_MEDIDA) values (1, 11, 7, 'RSK84VDY0SXQB0B9MG163O65F9PS3CTV', 10);

insert into MEDIDAS (ID_MEDIDA, ID_MOTOR, ID_PARTE, NOMBRE_MEDIDA, VALOR_MEDIDA) values (8, 13, 10, 'RAC2FG4F3C RDYRQVFJ45YWCE35X3J6N', 16);

insert into MEDIDAS (ID_MEDIDA, ID_MOTOR, ID_PARTE, NOMBRE_MEDIDA, VALOR_MEDIDA) values (13, 3, 11, 'X5I5NKKVS7P4LVOPTSLJHAXDK1YV120I', 15);

insert into MEDIDAS (ID_MEDIDA, ID_MOTOR, ID_PARTE, NOMBRE_MEDIDA, VALOR_MEDIDA) values (10, 2, 0, '237HV2DOCXLI5KSAB6E1HQAEQ5ACUGYY', 17);

insert into MEDIDAS (ID_MEDIDA, ID_MOTOR, ID_PARTE, NOMBRE_MEDIDA, VALOR_MEDIDA) values (4, 9, 14, '3RPAT8XU 1FRQCKB97GF2RS9LBMBWPC3', 7);

insert into MEDIDAS (ID_MEDIDA, ID_MOTOR, ID_PARTE, NOMBRE_MEDIDA, VALOR_MEDIDA) values (11, 13, 5, 'VPOXLSF  XCXHUB6KCIMO90G0EMW74DN', 4);

insert into MEDIDAS (ID_MEDIDA, ID_MOTOR, ID_PARTE, NOMBRE_MEDIDA, VALOR_MEDIDA) values (12, 0, 0, 'DC0W0RWGOUM6541 70NPCKC4S5BC9JY3', 11);

insert into MEDIDAS (ID_MEDIDA, ID_MOTOR, ID_PARTE, NOMBRE_MEDIDA, VALOR_MEDIDA) values (6, 7, 19, 'J1YU8P26F1 T0NKJ3I6XJBW0S8 023TI', 5);

insert into MEDIDAS (ID_MEDIDA, ID_MOTOR, ID_PARTE, NOMBRE_MEDIDA, VALOR_MEDIDA) values (19, 18, 7, 'D3XM3IGTLLADUBK6B2QPCNNMX75I6EGM', 13);

insert into MEDIDAS (ID_MEDIDA, ID_MOTOR, ID_PARTE, NOMBRE_MEDIDA, VALOR_MEDIDA) values (18, 6, 9, 'XLP7XGFMMJRGYEE1VR6KB2B23JQKPE6U', 14);

insert into MEDIDAS (ID_MEDIDA, ID_MOTOR, ID_PARTE, NOMBRE_MEDIDA, VALOR_MEDIDA) values (17, 11, 16, '7NCPI92JWSVV7M7TVMR8KIC2ALS08J17', 0);

insert into MEDIDAS (ID_MEDIDA, ID_MOTOR, ID_PARTE, NOMBRE_MEDIDA, VALOR_MEDIDA) values (2, 18, 10, 'D94GA396X6EK010WELVLR922HOQXYKWF', 12);

insert into MEDIDAS (ID_MEDIDA, ID_MOTOR, ID_PARTE, NOMBRE_MEDIDA, VALOR_MEDIDA) values (0, 0, 18, 'QVRADQEUR01SC85468U8UTX57LY2LOMU', 1);

insert into MEDIDAS (ID_MEDIDA, ID_MOTOR, ID_PARTE, NOMBRE_MEDIDA, VALOR_MEDIDA) values (9, 11, 7, '0U 19PMU97NXVAFMX0VV1RF A 7GNBTK', 2);

insert into MEDIDAS (ID_MEDIDA, ID_MOTOR, ID_PARTE, NOMBRE_MEDIDA, VALOR_MEDIDA) values (16, 8, 6, 'V06B5VLRPOWCO5N6OCWNJQ5WSUQ LHVC', 9);

insert into MEDIDAS (ID_MEDIDA, ID_MOTOR, ID_PARTE, NOMBRE_MEDIDA, VALOR_MEDIDA) values (3, 14, 13, 'UT6WXUON3S3JLFAO OU EMVV7YF61I3E', 3);

insert into DETALLES_REPORTE (ID_DETALLE_REPORTE, ID_REPORTE, ID_TRABAJO) values (7, 12, 6);

insert into DETALLES_REPORTE (ID_DETALLE_REPORTE, ID_REPORTE, ID_TRABAJO) values (19, 1, 19);

insert into DETALLES_REPORTE (ID_DETALLE_REPORTE, ID_REPORTE, ID_TRABAJO) values (0, 17, 14);

insert into DETALLES_REPORTE (ID_DETALLE_REPORTE, ID_REPORTE, ID_TRABAJO) values (17, 14, 8);

insert into DETALLES_REPORTE (ID_DETALLE_REPORTE, ID_REPORTE, ID_TRABAJO) values (8, 3, 8);

insert into DETALLES_REPORTE (ID_DETALLE_REPORTE, ID_REPORTE, ID_TRABAJO) values (11, 4, 1);

insert into DETALLES_REPORTE (ID_DETALLE_REPORTE, ID_REPORTE, ID_TRABAJO) values (14, 16, 4);

insert into DETALLES_REPORTE (ID_DETALLE_REPORTE, ID_REPORTE, ID_TRABAJO) values (16, 10, 18);

insert into DETALLES_REPORTE (ID_DETALLE_REPORTE, ID_REPORTE, ID_TRABAJO) values (10, 14, 14);

insert into DETALLES_REPORTE (ID_DETALLE_REPORTE, ID_REPORTE, ID_TRABAJO) values (1, 16, 17);

insert into DETALLES_REPORTE (ID_DETALLE_REPORTE, ID_REPORTE, ID_TRABAJO) values (13, 0, 8);

insert into DETALLES_REPORTE (ID_DETALLE_REPORTE, ID_REPORTE, ID_TRABAJO) values (9, 11, 15);

insert into DETALLES_REPORTE (ID_DETALLE_REPORTE, ID_REPORTE, ID_TRABAJO) values (3, 8, 6);

insert into DETALLES_REPORTE (ID_DETALLE_REPORTE, ID_REPORTE, ID_TRABAJO) values (2, 14, 2);

insert into DETALLES_REPORTE (ID_DETALLE_REPORTE, ID_REPORTE, ID_TRABAJO) values (15, 0, 5);

insert into DETALLES_REPORTE (ID_DETALLE_REPORTE, ID_REPORTE, ID_TRABAJO) values (6, 14, 17);

insert into DETALLES_REPORTE (ID_DETALLE_REPORTE, ID_REPORTE, ID_TRABAJO) values (4, 9, 13);

insert into DETALLES_REPORTE (ID_DETALLE_REPORTE, ID_REPORTE, ID_TRABAJO) values (18, 10, 14);

insert into DETALLES_REPORTE (ID_DETALLE_REPORTE, ID_REPORTE, ID_TRABAJO) values (12, 1, 17);

insert into DETALLES_REPORTE (ID_DETALLE_REPORTE, ID_REPORTE, ID_TRABAJO) values (5, 1, 15);

insert into ORDENES (ID_ORDEN, ID_MOTOR, ID_TALLER, CC_PERSONA, PLACA, FECHA_RECIBIDO, FECHA_ENTREGA) values (2, 4, 12, 6, 'JADVX8', '1-1-1 0:0:0', '473-7-24 3:20:12');

insert into ORDENES (ID_ORDEN, ID_MOTOR, ID_TALLER, CC_PERSONA, PLACA, FECHA_RECIBIDO, FECHA_ENTREGA) values (4, 11, 9, 14, 'YRU514', '537-3-3 5:0:43', '1720-2-24 11:37:7');

insert into ORDENES (ID_ORDEN, ID_MOTOR, ID_TALLER, CC_PERSONA, PLACA, FECHA_RECIBIDO, FECHA_ENTREGA) values (19, 0, 12, 9, '3DMC84', '1360-5-9 11:9:2', '610-8-7 4:4:57');

insert into ORDENES (ID_ORDEN, ID_MOTOR, ID_TALLER, CC_PERSONA, PLACA, FECHA_RECIBIDO, FECHA_ENTREGA) values (11, 0, 4, 2, 'XCKYJ3', '196-11-11 1:53:26', '1-1-1 0:0:0');

insert into ORDENES (ID_ORDEN, ID_MOTOR, ID_TALLER, CC_PERSONA, PLACA, FECHA_RECIBIDO, FECHA_ENTREGA) values (3, 16, 3, 10, 'EPAQWH', '840-4-20 6:51:48', '1028-4-17 6:48:48');

insert into ORDENES (ID_ORDEN, ID_MOTOR, ID_TALLER, CC_PERSONA, PLACA, FECHA_RECIBIDO, FECHA_ENTREGA) values (12, 9, 3, 15, 'B1V6O0', '958-5-20 7:46:55', '313-7-24 2:29:40');

insert into ORDENES (ID_ORDEN, ID_MOTOR, ID_TALLER, CC_PERSONA, PLACA, FECHA_RECIBIDO, FECHA_ENTREGA) values (8, 18, 4, 2, 'XEL2CL', '610-5-4 5:43:8', '899-11-2 5:58:34');

insert into ORDENES (ID_ORDEN, ID_MOTOR, ID_TALLER, CC_PERSONA, PLACA, FECHA_RECIBIDO, FECHA_ENTREGA) values (13, 6, 9, 13, 'J7904Y', '1652-5-29 13:55:58', '1112-11-22 7:39:1');

insert into ORDENES (ID_ORDEN, ID_MOTOR, ID_TALLER, CC_PERSONA, PLACA, FECHA_RECIBIDO, FECHA_ENTREGA) values (17, 8, 2, 17, 'DCDGP3', '731-7-30 6:25:1', '1827-12-29 12:19:24');

insert into ORDENES (ID_ORDEN, ID_MOTOR, ID_TALLER, CC_PERSONA, PLACA, FECHA_RECIBIDO, FECHA_ENTREGA) values (6, 4, 8, 9, 'V1MVTH', '246-4-3 2:48:17', '117-8-8 0:49:9');

insert into ORDENES (ID_ORDEN, ID_MOTOR, ID_TALLER, CC_PERSONA, PLACA, FECHA_RECIBIDO, FECHA_ENTREGA) values (5, 0, 18, 2, 'W47GTE', '50-11-14 0:56:44', '1521-10-14 10:2:30');

insert into ORDENES (ID_ORDEN, ID_MOTOR, ID_TALLER, CC_PERSONA, PLACA, FECHA_RECIBIDO, FECHA_ENTREGA) values (18, 9, 19, 0, '0SYA93', '1008-1-14 8:20:38', '1881-9-7 12:54:58');

insert into ORDENES (ID_ORDEN, ID_MOTOR, ID_TALLER, CC_PERSONA, PLACA, FECHA_RECIBIDO, FECHA_ENTREGA) values (10, 6, 2, 6, '30 8CS', '1535-6-24 13:14:39', '402-1-13 3:0:4');

insert into ORDENES (ID_ORDEN, ID_MOTOR, ID_TALLER, CC_PERSONA, PLACA, FECHA_RECIBIDO, FECHA_ENTREGA) values (14, 6, 4, 13, 'I4EJ6H', '1420-9-4 12:1:59', '1601-7-8 10:59:6');

insert into ORDENES (ID_ORDEN, ID_MOTOR, ID_TALLER, CC_PERSONA, PLACA, FECHA_RECIBIDO, FECHA_ENTREGA) values (1, 9, 0, 12, 'S3B4 0', '1471-10-8 12:26:25', '846-6-11 5:28:51');

insert into ORDENES (ID_ORDEN, ID_MOTOR, ID_TALLER, CC_PERSONA, PLACA, FECHA_RECIBIDO, FECHA_ENTREGA) values (0, 7, 13, 9, '8 GPNY', '405-5-12 4:23:20', '1184-7-15 8:24:49');

insert into ORDENES (ID_ORDEN, ID_MOTOR, ID_TALLER, CC_PERSONA, PLACA, FECHA_RECIBIDO, FECHA_ENTREGA) values (7, 11, 10, 12, '4NMH0H', '1231-3-8 9:44:14', '1378-10-28 9:41:18');

insert into ORDENES (ID_ORDEN, ID_MOTOR, ID_TALLER, CC_PERSONA, PLACA, FECHA_RECIBIDO, FECHA_ENTREGA) values (15, 3, 18, 13, ' 1RMQB', '318-7-25 3:43:5', '1303-12-29 9:17:56');

insert into ORDENES (ID_ORDEN, ID_MOTOR, ID_TALLER, CC_PERSONA, PLACA, FECHA_RECIBIDO, FECHA_ENTREGA) values (9, 4, 5, 18, '4MBHHB', '1155-11-30 8:54:3', '737-1-20 4:42:29');

insert into ORDENES (ID_ORDEN, ID_MOTOR, ID_TALLER, CC_PERSONA, PLACA, FECHA_RECIBIDO, FECHA_ENTREGA) values (16, 12, 15, 12, 'V8SD6R', '1287-12-19 10:23:8', '257-3-29 1:40:15');

insert into DETALLES_ORDEN (ID_DETALLE_ORDEN, ID_ORDEN, ID_TRABAJO, ID_REPUESTO, ID_PARTE, CANTIDAD) values (0, 2, 6, 7, 15, 13);

insert into DETALLES_ORDEN (ID_DETALLE_ORDEN, ID_ORDEN, ID_TRABAJO, ID_REPUESTO, ID_PARTE, CANTIDAD) values (2, 9, 8, 12, 15, 14);

insert into DETALLES_ORDEN (ID_DETALLE_ORDEN, ID_ORDEN, ID_TRABAJO, ID_REPUESTO, ID_PARTE, CANTIDAD) values (11, 10, 11, 2, 12, 8);

insert into DETALLES_ORDEN (ID_DETALLE_ORDEN, ID_ORDEN, ID_TRABAJO, ID_REPUESTO, ID_PARTE, CANTIDAD) values (6, 17, 17, 10, 14, 0);

insert into DETALLES_ORDEN (ID_DETALLE_ORDEN, ID_ORDEN, ID_TRABAJO, ID_REPUESTO, ID_PARTE, CANTIDAD) values (16, 0, 10, 10, 12, 9);

insert into DETALLES_ORDEN (ID_DETALLE_ORDEN, ID_ORDEN, ID_TRABAJO, ID_REPUESTO, ID_PARTE, CANTIDAD) values (18, 18, 1, 17, 1, 10);

insert into DETALLES_ORDEN (ID_DETALLE_ORDEN, ID_ORDEN, ID_TRABAJO, ID_REPUESTO, ID_PARTE, CANTIDAD) values (4, 13, 17, 13, 1, 2);

insert into DETALLES_ORDEN (ID_DETALLE_ORDEN, ID_ORDEN, ID_TRABAJO, ID_REPUESTO, ID_PARTE, CANTIDAD) values (10, 17, 13, 14, 10, 18);

insert into DETALLES_ORDEN (ID_DETALLE_ORDEN, ID_ORDEN, ID_TRABAJO, ID_REPUESTO, ID_PARTE, CANTIDAD) values (15, 12, 19, 1, 9, 6);

insert into DETALLES_ORDEN (ID_DETALLE_ORDEN, ID_ORDEN, ID_TRABAJO, ID_REPUESTO, ID_PARTE, CANTIDAD) values (1, 11, 4, 2, 18, 11);

insert into DETALLES_ORDEN (ID_DETALLE_ORDEN, ID_ORDEN, ID_TRABAJO, ID_REPUESTO, ID_PARTE, CANTIDAD) values (19, 4, 14, 8, 17, 4);

insert into DETALLES_ORDEN (ID_DETALLE_ORDEN, ID_ORDEN, ID_TRABAJO, ID_REPUESTO, ID_PARTE, CANTIDAD) values (13, 15, 5, 15, 9, 17);

insert into DETALLES_ORDEN (ID_DETALLE_ORDEN, ID_ORDEN, ID_TRABAJO, ID_REPUESTO, ID_PARTE, CANTIDAD) values (8, 1, 1, 3, 12, 5);

insert into DETALLES_ORDEN (ID_DETALLE_ORDEN, ID_ORDEN, ID_TRABAJO, ID_REPUESTO, ID_PARTE, CANTIDAD) values (17, 18, 14, 18, 10, 7);

insert into DETALLES_ORDEN (ID_DETALLE_ORDEN, ID_ORDEN, ID_TRABAJO, ID_REPUESTO, ID_PARTE, CANTIDAD) values (7, 9, 7, 13, 6, 16);

insert into DETALLES_ORDEN (ID_DETALLE_ORDEN, ID_ORDEN, ID_TRABAJO, ID_REPUESTO, ID_PARTE, CANTIDAD) values (5, 4, 12, 12, 9, 12);

insert into DETALLES_ORDEN (ID_DETALLE_ORDEN, ID_ORDEN, ID_TRABAJO, ID_REPUESTO, ID_PARTE, CANTIDAD) values (3, 0, 6, 4, 14, 15);

insert into DETALLES_ORDEN (ID_DETALLE_ORDEN, ID_ORDEN, ID_TRABAJO, ID_REPUESTO, ID_PARTE, CANTIDAD) values (12, 18, 4, 16, 13, 19);

insert into DETALLES_ORDEN (ID_DETALLE_ORDEN, ID_ORDEN, ID_TRABAJO, ID_REPUESTO, ID_PARTE, CANTIDAD) values (9, 1, 1, 10, 14, 3);

insert into DETALLES_ORDEN (ID_DETALLE_ORDEN, ID_ORDEN, ID_TRABAJO, ID_REPUESTO, ID_PARTE, CANTIDAD) values (14, 12, 19, 4, 0, 1);

insert into HISTORICOS_MOTORES (ATTRIBUTE_22, ID_MEDIDA_INICIAL, ID_MEDIDA_FINAL, ID_DETALLE_ORDEN) values (19, 14, 14, 3);

insert into HISTORICOS_MOTORES (ATTRIBUTE_22, ID_MEDIDA_INICIAL, ID_MEDIDA_FINAL, ID_DETALLE_ORDEN) values (2, 15, 0, 17);

insert into HISTORICOS_MOTORES (ATTRIBUTE_22, ID_MEDIDA_INICIAL, ID_MEDIDA_FINAL, ID_DETALLE_ORDEN) values (8, 8, 13, 10);

insert into HISTORICOS_MOTORES (ATTRIBUTE_22, ID_MEDIDA_INICIAL, ID_MEDIDA_FINAL, ID_DETALLE_ORDEN) values (12, 6, 12, 13);

insert into HISTORICOS_MOTORES (ATTRIBUTE_22, ID_MEDIDA_INICIAL, ID_MEDIDA_FINAL, ID_DETALLE_ORDEN) values (5, 7, 0, 0);

insert into HISTORICOS_MOTORES (ATTRIBUTE_22, ID_MEDIDA_INICIAL, ID_MEDIDA_FINAL, ID_DETALLE_ORDEN) values (10, 2, 14, 18);

insert into HISTORICOS_MOTORES (ATTRIBUTE_22, ID_MEDIDA_INICIAL, ID_MEDIDA_FINAL, ID_DETALLE_ORDEN) values (4, 5, 19, 4);

insert into HISTORICOS_MOTORES (ATTRIBUTE_22, ID_MEDIDA_INICIAL, ID_MEDIDA_FINAL, ID_DETALLE_ORDEN) values (7, 0, 10, 4);

insert into HISTORICOS_MOTORES (ATTRIBUTE_22, ID_MEDIDA_INICIAL, ID_MEDIDA_FINAL, ID_DETALLE_ORDEN) values (14, 7, 19, 19);

insert into HISTORICOS_MOTORES (ATTRIBUTE_22, ID_MEDIDA_INICIAL, ID_MEDIDA_FINAL, ID_DETALLE_ORDEN) values (15, 2, 16, 16);

insert into HISTORICOS_MOTORES (ATTRIBUTE_22, ID_MEDIDA_INICIAL, ID_MEDIDA_FINAL, ID_DETALLE_ORDEN) values (17, 1, 15, 7);

insert into HISTORICOS_MOTORES (ATTRIBUTE_22, ID_MEDIDA_INICIAL, ID_MEDIDA_FINAL, ID_DETALLE_ORDEN) values (6, 1, 19, 1);

insert into HISTORICOS_MOTORES (ATTRIBUTE_22, ID_MEDIDA_INICIAL, ID_MEDIDA_FINAL, ID_DETALLE_ORDEN) values (9, 15, 11, 8);

insert into HISTORICOS_MOTORES (ATTRIBUTE_22, ID_MEDIDA_INICIAL, ID_MEDIDA_FINAL, ID_DETALLE_ORDEN) values (13, 14, 10, 8);

insert into HISTORICOS_MOTORES (ATTRIBUTE_22, ID_MEDIDA_INICIAL, ID_MEDIDA_FINAL, ID_DETALLE_ORDEN) values (1, 8, 13, 2);

insert into HISTORICOS_MOTORES (ATTRIBUTE_22, ID_MEDIDA_INICIAL, ID_MEDIDA_FINAL, ID_DETALLE_ORDEN) values (3, 8, 14, 17);

insert into HISTORICOS_MOTORES (ATTRIBUTE_22, ID_MEDIDA_INICIAL, ID_MEDIDA_FINAL, ID_DETALLE_ORDEN) values (16, 4, 15, 11);

insert into HISTORICOS_MOTORES (ATTRIBUTE_22, ID_MEDIDA_INICIAL, ID_MEDIDA_FINAL, ID_DETALLE_ORDEN) values (11, 5, 16, 15);

insert into HISTORICOS_MOTORES (ATTRIBUTE_22, ID_MEDIDA_INICIAL, ID_MEDIDA_FINAL, ID_DETALLE_ORDEN) values (18, 10, 5, 8);

insert into HISTORICOS_MOTORES (ATTRIBUTE_22, ID_MEDIDA_INICIAL, ID_MEDIDA_FINAL, ID_DETALLE_ORDEN) values (0, 5, 16, 12);

