insert into TALLERES (ID_TALLER, NOMBRE_TALLER, NOMBRE_PROPIETARIO, TELEFONO_TALLER) values (18, 'YNYTS46 25MH5REE39W24NIR92KGEKYQJWG FYO1OHSI56SOWQ2MJ6S35YNXP6GK', 'NCY0QV3J14EMH 2FNEM4DXGLJJI44ITDMBPGONFLFW BWWXL0S3I6YLK3 FNHE3V', 18);

insert into TALLERES (ID_TALLER, NOMBRE_TALLER, NOMBRE_PROPIETARIO, TELEFONO_TALLER) values (8, '19 EJL9NBPE25UOU30KJUHRCN6IYKJLVQ5CSCLEMQTKY JXG6030MUW37LMCQJWI', '1A4M4K7JAQY50DPTNWOFPLC 2V71YU29VQ9N053N1LNCD6H4PL8JB0IXI2IJ0PEU', 10);

insert into TALLERES (ID_TALLER, NOMBRE_TALLER, NOMBRE_PROPIETARIO, TELEFONO_TALLER) values (6, 'BU2TYUPD1O40DBLN C 7IP HN 5 XEXVVCB8FIYRUUI4YKV3SF8G XV68RVRPLHV', 'GRSP48XQJ826DCH4QEAIAPXY18NG 5VHLD4X7WN5 6UYC33WPO10TEO6JQL56LFH', 0);

insert into TALLERES (ID_TALLER, NOMBRE_TALLER, NOMBRE_PROPIETARIO, TELEFONO_TALLER) values (7, 'TIXSP 482QV79V4YBGJ0FKJDM78JKYI 3VECK1AQ2HX5Q7V MF565Y6RVFACXH26', 'FA7KUJER2RA2H2U1 LBRX2Y7DUYXRQ8RJ2RTMSHYS2DTY2GRC0NJM248BJ37TKJR', 13);

insert into TALLERES (ID_TALLER, NOMBRE_TALLER, NOMBRE_PROPIETARIO, TELEFONO_TALLER) values (4, ' TUOUMOSN15YPQQE731BBR4OH6V32JEY6I2O52QEY4LMHWL0Y VT2WVUB5BU7QXE', 'V020XKBNO0PNT8RPYO54TWPXIJVECDSEV75D45HCI6J Y0R3G1NBAICIJGXY9PJ6', 15);

insert into TALLERES (ID_TALLER, NOMBRE_TALLER, NOMBRE_PROPIETARIO, TELEFONO_TALLER) values (9, 'SVI72V05K8057ID48GX3FK1LNORMGY72BMA81Y83HNTMXL9KPK3KB8GT6XVHUEY2', 'AINAG R M2TB91NQTDN0QYXSCLJCCDK5CKU44V15OW43HCQTEQ70RQD1B1K3BJRS', 7);

insert into TALLERES (ID_TALLER, NOMBRE_TALLER, NOMBRE_PROPIETARIO, TELEFONO_TALLER) values (13, 'PA6PGD9V4G14NFIQI8 QJP2V1X2KBI0192LMLL5L8HER9OKI64V2U0YNOCD0O0F6', 'NUN94VEUQNPVA6I83X5BXHV19QLQSL687JR4GB1PA4G881KB1JVSL8P6CBWVA622', 16);

insert into TALLERES (ID_TALLER, NOMBRE_TALLER, NOMBRE_PROPIETARIO, TELEFONO_TALLER) values (0, 'P3L N8202D9QJ62DMOM4VGFN1QH P D666YUQBD97IN653Q974UH5NVTFDRN0O7A', 'FNC6 UDS9VXPTRRWW0IG57CC79A28AQG4XEWJDWTX9C FH FPGSBR EYSSC  5Q1', 12);

insert into TALLERES (ID_TALLER, NOMBRE_TALLER, NOMBRE_PROPIETARIO, TELEFONO_TALLER) values (10, '8X0AS2K5P48BQWIOOHPQ6JXNKD6A6PD8URTFS1BW 5DFSBHO6I3IA798LKF4OXLC', 'KYGTQ1CW EIOBKDTVU4DNDLXJY8BR9Q2C2RH7DITK71HPN6K8WKQSIWQAITQQHM7', 19);

insert into TALLERES (ID_TALLER, NOMBRE_TALLER, NOMBRE_PROPIETARIO, TELEFONO_TALLER) values (12, 'BU4FI0FCUC0RQBTS9UJGQ6S31LTGUHMFF68FO2UUJATNW8Y5WS9AP5LCUXBNYTGW', 'JE7HG2FR7D04PPTN25UH6REF82MYYVCSLUCFV78ISDCBBXUM VBQNSBJ0 SRCS2L', 6);

insert into TALLERES (ID_TALLER, NOMBRE_TALLER, NOMBRE_PROPIETARIO, TELEFONO_TALLER) values (1, 'DG6OWNR7P84EGLFCGH2P95UMCPK08M6KP9MEQCEWFBUFMAXKQVFHFHX4B V PW3X', 'C1C S29EPFHVFV0I350N K04NF4YUV2Y2I3SE9 9MMLLWA6YSTNGUB3RL95C52VP', 17);

insert into TALLERES (ID_TALLER, NOMBRE_TALLER, NOMBRE_PROPIETARIO, TELEFONO_TALLER) values (17, 'EUXVM47S4EM3DEAHVNKD1PCHWH4XEXMWUC1DV7TEP5PVNEKBI999YOR PS B78C ', 'GH4KUN0GQQHBF9F20JIDTJ8NP9XT0L19I J36D5VLEKXO5XH0PNME2AE7UB8YXEJ', 14);

insert into TALLERES (ID_TALLER, NOMBRE_TALLER, NOMBRE_PROPIETARIO, TELEFONO_TALLER) values (19, 'ULL9S2XOD 17CXVTM0YXTK0DN6NNXP06LAWVHHI5V68L70LAMXTAAR3W4T2E9EJ1', 'ST82AWBX4Y0B5K1EHIPHYYA7TCPHIUU 5KND2XMMQKLEBF9KH YCTLEUJS8L1EGL', 3);

insert into TALLERES (ID_TALLER, NOMBRE_TALLER, NOMBRE_PROPIETARIO, TELEFONO_TALLER) values (5, 'PTXN0KLW8OHKWV4IATK9U 5FXLT5VQ N6E9YDMDH BPO 26UUAPRX7HB953H8FIM', 'VMYS7HBG57O6IXA7KUFG5KYJV MHWXIVO3W6FTSEKKEM0KW3KMOA2TF3PKA791DW', 5);

insert into TALLERES (ID_TALLER, NOMBRE_TALLER, NOMBRE_PROPIETARIO, TELEFONO_TALLER) values (16, 'G15BG9A2 MGIXEI6YQARUPIFP SYSDK3BIJ6 FT9KYXQ4 2WLB2AV0W6AAG8WVLQ', 'O  G9HN1J6ISY34KUO17LKISAXCR9NN8CXAJ6CKH4ADQGI1G34FNOAYJD8G9XW0 ', 4);

insert into TALLERES (ID_TALLER, NOMBRE_TALLER, NOMBRE_PROPIETARIO, TELEFONO_TALLER) values (14, '1E02PAO8EG YV7YY80GD4YEID490SECR80RK6APQN 7VDPGTOII3MNWXT92YLSMW', '2M897V 019636IUT4KUJEY6V9CU05EA79IGLHFKAQ1SBYG44W2W6A70GOW9GEJ38', 11);

insert into TALLERES (ID_TALLER, NOMBRE_TALLER, NOMBRE_PROPIETARIO, TELEFONO_TALLER) values (2, 'XHQ7X7X SBO7PGYH7CYJDIJETAESD4FEMPFNB3GRRUBPVN1HFT5T76HI1LEB3RW3', 'QD 91BLY05KX766ERDGR6TQCJ90V 2PDFSA1Q87X6P8TENJDSHRNB7H8WG66B 6N', 1);

insert into TALLERES (ID_TALLER, NOMBRE_TALLER, NOMBRE_PROPIETARIO, TELEFONO_TALLER) values (11, '4C2IP7NEWVK4TTFWGY44VL7AHAVBNCDBPWHHA6XOYEKBCR1AQOKM306DMABLRUAV', 'M6JSB6MQ1OA V1U9H3T5Y LE9BJEONQK MIDGF9ESRQEVUYWRT8O61LNGGHHBOT6', 8);

insert into TALLERES (ID_TALLER, NOMBRE_TALLER, NOMBRE_PROPIETARIO, TELEFONO_TALLER) values (3, '4JNCBFX3E98IILKJR6WK3KKW18PNYOTFEGNL4HQP5S1WKBPPH6F0RNJ1UL8JO15D', 'O4NNPKPGYHD4LRUKWYBN0M39TA3JBYY15D2LIEN1K5K72WM3NL HC7W4 Y3LPOWA', 2);

insert into TALLERES (ID_TALLER, NOMBRE_TALLER, NOMBRE_PROPIETARIO, TELEFONO_TALLER) values (15, 'NFRPLR9U0W8WFWDOUE4DMEJ0IC70W8VNHS89BPF65GD783SWML1PRXI8XAHQS1T0', 'CTJ4A3 P1REQBILW3NSO1JYL3FVSFBGKMTH9A0QN47KT697VSR1PUODLNGF8CKP0', 9);

insert into MOTORES (ID_MOTOR, NOMBRE_MOTOR) values (19, 'PCUSS64POE7A1 DPYJ974E7U4LAW43PS');

insert into MOTORES (ID_MOTOR, NOMBRE_MOTOR) values (5, 'T 6POUIDRINTP5EGDFAKWQMB5I4OW9M ');

insert into MOTORES (ID_MOTOR, NOMBRE_MOTOR) values (4, 'GGPRX5SN552Q6LBDO71OSJ5TYOFFF 9 ');

insert into MOTORES (ID_MOTOR, NOMBRE_MOTOR) values (15, 'S1N W9VE26FNOV2X9NFC5GVAID806YVB');

insert into MOTORES (ID_MOTOR, NOMBRE_MOTOR) values (18, 'R9PCOQNEFHV9 FY1H6CKX4GQCVCR7I1P');

insert into MOTORES (ID_MOTOR, NOMBRE_MOTOR) values (8, '5EG1W8X WQV70BAH12E 7RE5SV 7QALJ');

insert into MOTORES (ID_MOTOR, NOMBRE_MOTOR) values (16, '47YB76T237QV 3LT9EFB4DY68JRNW0QN');

insert into MOTORES (ID_MOTOR, NOMBRE_MOTOR) values (7, '88TD57K040FN1OJAY4XDM9G DVYHSNOJ');

insert into MOTORES (ID_MOTOR, NOMBRE_MOTOR) values (0, 'IRFI4ANSE0JV850IBX2VM F8FNI6FIV3');

insert into MOTORES (ID_MOTOR, NOMBRE_MOTOR) values (3, 'AWR0ILNSSWE1HX1QWAONWGK7XF14O3XU');

insert into MOTORES (ID_MOTOR, NOMBRE_MOTOR) values (13, 'DIF7KNB3K2VLMQQPQH5K6QPMUITUD9JT');

insert into MOTORES (ID_MOTOR, NOMBRE_MOTOR) values (2, ' 8QIF8K5FSK1GIGP8IPH2BSSL1PT75OI');

insert into MOTORES (ID_MOTOR, NOMBRE_MOTOR) values (11, 'QHM84FG2F1QVNIOJ591C1V JWWAMS4C1');

insert into MOTORES (ID_MOTOR, NOMBRE_MOTOR) values (17, 'LJPVOI7E2L9PQB1LRAN2KDK70QUSOVR ');

insert into MOTORES (ID_MOTOR, NOMBRE_MOTOR) values (12, '0C9VY67A81P37PBPM LN 31OI26 9DBJ');

insert into MOTORES (ID_MOTOR, NOMBRE_MOTOR) values (14, 'TO7PQA E8Q9NFSG9UJM2GL CD2VSXUJB');

insert into MOTORES (ID_MOTOR, NOMBRE_MOTOR) values (9, '744WO28URRT2Q L9SW5C7O672S3WVU2K');

insert into MOTORES (ID_MOTOR, NOMBRE_MOTOR) values (1, 'U 80EYSEY2W0AWY4BR8L8HJPC1Q184S0');

insert into MOTORES (ID_MOTOR, NOMBRE_MOTOR) values (10, 'SFEMEPNABCN77IYWOOKWID5VGD9W4SOW');

insert into MOTORES (ID_MOTOR, NOMBRE_MOTOR) values (6, 'GB7B3C AS1XDH172JWLDV18716U9G8V1');

insert into PERSONAS (CC_PERSONA, NOMBRES_APELLIDOS, TELEFONO_PERSONA) values (2, 'W3GP LSTYVSW3O58NJBLS2NL57JG6WF72W5TDDROI8ANWXGP752C GR2QV0TDY3U', 4);

insert into PERSONAS (CC_PERSONA, NOMBRES_APELLIDOS, TELEFONO_PERSONA) values (12, '4WXRWWAJ55JSF4EG78K OJ89VSOEM6KI35UQA4RFXSD5I AUYAQ84XJ B2QXPBOR', 6);

insert into PERSONAS (CC_PERSONA, NOMBRES_APELLIDOS, TELEFONO_PERSONA) values (13, 'GIJV8AR0A29J EKP3J0SEFAL8GXBEHIR3LEGAWXD1NBTHKWGQ0MEK9A14KQFA 76', 9);

insert into PERSONAS (CC_PERSONA, NOMBRES_APELLIDOS, TELEFONO_PERSONA) values (1, 'AUEP Q66I3CWL01 BJDTJTHP SA4YH66OG8XNWHNALSNUIWSQORU6UXL5BCCTWWG', 18);

insert into PERSONAS (CC_PERSONA, NOMBRES_APELLIDOS, TELEFONO_PERSONA) values (4, 'EE5FNQ2HH9R1L2KUBTWB8BW6F0B37F1BYG5K4V8 JW 252CMQ3L4DKTGYNBCFHGI', 5);

insert into PERSONAS (CC_PERSONA, NOMBRES_APELLIDOS, TELEFONO_PERSONA) values (5, '75UP79HWD4VRR4K83GB54381BQ35NW3CHTJ9X2FK8BJ3I3T8WM5B RVYJJ0JVO2P', 0);

insert into PERSONAS (CC_PERSONA, NOMBRES_APELLIDOS, TELEFONO_PERSONA) values (7, 'IJ5O7TWUUON8F6TP32VKBPLV 44L55PXE79GU9U495M7GVEB 2VWEBHWGC5HBXGX', 17);

insert into PERSONAS (CC_PERSONA, NOMBRES_APELLIDOS, TELEFONO_PERSONA) values (9, 'NI42MFDA0GI7FVN9BPACFBNR6UHB7UX59WN14NRT15YD27O77TSYIMINQ 3AG4UK', 10);

insert into PERSONAS (CC_PERSONA, NOMBRES_APELLIDOS, TELEFONO_PERSONA) values (10, 'PYR9K3XLPDEJ5RX S52MIJQXXNDKME07DAV9UJ52A63DQEPW9XA326BFAJLAV4EN', 1);

insert into PERSONAS (CC_PERSONA, NOMBRES_APELLIDOS, TELEFONO_PERSONA) values (11, 'DE8MQ8E6 GRY3UMLTFJMQNTWC9E4BG761M4Q9DA83LHAC09MXC 4 T G33652FJO', 2);

insert into PERSONAS (CC_PERSONA, NOMBRES_APELLIDOS, TELEFONO_PERSONA) values (3, '13H1AHM4BT GI3B4J8DK8RNP 3XG2DPIJNX1PBC7Q1NLIHNP B4WPWWTQ5F58V5K', 7);

insert into PERSONAS (CC_PERSONA, NOMBRES_APELLIDOS, TELEFONO_PERSONA) values (19, '0YO78VLFT0IU7 BKYOA7MXWFLU0EBUHBGIN3IJM6J88BBMGEM5MI2S R6MPD1EHQ', 12);

insert into PERSONAS (CC_PERSONA, NOMBRES_APELLIDOS, TELEFONO_PERSONA) values (14, '6HE92WUH7189INGFICIV1SOLIO6A001AXY4ADTUUIHGXBPRGLO0FGEM60XRFPE71', 13);

insert into PERSONAS (CC_PERSONA, NOMBRES_APELLIDOS, TELEFONO_PERSONA) values (17, 'UNQUSIDALGLI7M1R6CTC4GNBI6H0LK9JH6RLKEBE K DKK45399RR2PC8YXDXTJV', 19);

insert into PERSONAS (CC_PERSONA, NOMBRES_APELLIDOS, TELEFONO_PERSONA) values (18, 'VWC6W9Q9N9JSNYY1G8EW KY5UKGV PMOAXDDU1SJWQY5MIN9URV0CNN4E30VV364', 14);

insert into PERSONAS (CC_PERSONA, NOMBRES_APELLIDOS, TELEFONO_PERSONA) values (0, 'L7BWE3WDJ HTM7H9940D9886BF6SM43VWECKHYJGOS28LBW02GT83JASI99086C6', 15);

insert into PERSONAS (CC_PERSONA, NOMBRES_APELLIDOS, TELEFONO_PERSONA) values (15, 'V096TIF1WNBUGFH 3LW 33LY7 62HY4RFAIL6WCU7YH4 CY6I7K DM264UJE6GQW', 16);

insert into PERSONAS (CC_PERSONA, NOMBRES_APELLIDOS, TELEFONO_PERSONA) values (8, '1A9P4JA7XTHLY696XQSL27RKBTJK XNFHTAD74FXV3WSXCF0DD5938VN9Q33FWJP', 11);

insert into PERSONAS (CC_PERSONA, NOMBRES_APELLIDOS, TELEFONO_PERSONA) values (6, 'YI LUN2C9GXAFIOC94WGC9SKW4QM176K4PHBCDMDNEGOWNCADS0NL82 HCQR6XHG', 8);

insert into PERSONAS (CC_PERSONA, NOMBRES_APELLIDOS, TELEFONO_PERSONA) values (16, 'YMIJYTPE141NP00J0V0CJCD2QJW55GLAY6HBTV4EVOVT22C9QR55R1KISLRG3GSJ', 3);

insert into REPORTES (ID_REPORTE, CC_PERSONA, TOTAL) values (1, 2, 5);

insert into REPORTES (ID_REPORTE, CC_PERSONA, TOTAL) values (6, 4, 13);

insert into REPORTES (ID_REPORTE, CC_PERSONA, TOTAL) values (7, 13, 17);

insert into REPORTES (ID_REPORTE, CC_PERSONA, TOTAL) values (9, 7, 3);

insert into REPORTES (ID_REPORTE, CC_PERSONA, TOTAL) values (3, 4, 16);

insert into REPORTES (ID_REPORTE, CC_PERSONA, TOTAL) values (13, 4, 10);

insert into REPORTES (ID_REPORTE, CC_PERSONA, TOTAL) values (0, 11, 8);

insert into REPORTES (ID_REPORTE, CC_PERSONA, TOTAL) values (16, 8, 11);

insert into REPORTES (ID_REPORTE, CC_PERSONA, TOTAL) values (2, 7, 6);

insert into REPORTES (ID_REPORTE, CC_PERSONA, TOTAL) values (8, 6, 15);

insert into REPORTES (ID_REPORTE, CC_PERSONA, TOTAL) values (15, 0, 0);

insert into REPORTES (ID_REPORTE, CC_PERSONA, TOTAL) values (5, 11, 1);

insert into REPORTES (ID_REPORTE, CC_PERSONA, TOTAL) values (10, 11, 12);

insert into REPORTES (ID_REPORTE, CC_PERSONA, TOTAL) values (14, 9, 19);

insert into REPORTES (ID_REPORTE, CC_PERSONA, TOTAL) values (11, 6, 7);

insert into REPORTES (ID_REPORTE, CC_PERSONA, TOTAL) values (17, 13, 18);

insert into REPORTES (ID_REPORTE, CC_PERSONA, TOTAL) values (4, 9, 2);

insert into REPORTES (ID_REPORTE, CC_PERSONA, TOTAL) values (18, 19, 9);

insert into REPORTES (ID_REPORTE, CC_PERSONA, TOTAL) values (19, 3, 14);

insert into REPORTES (ID_REPORTE, CC_PERSONA, TOTAL) values (12, 15, 4);

insert into TRABAJOS (ID_TRABAJO, NOMBRE_TRABAJO, VALOR_TRABAJO) values (3, 'JWQRWI0FWDN69GXGH0MJ0C0J60CJWALU', 7);

insert into TRABAJOS (ID_TRABAJO, NOMBRE_TRABAJO, VALOR_TRABAJO) values (1, '52SOU5COS0WA10TN25Y BB7OX6RXGK6D', 8);

insert into TRABAJOS (ID_TRABAJO, NOMBRE_TRABAJO, VALOR_TRABAJO) values (7, 'ON0PVMT6M8VK7SR9WDLP6A8N7TBVGJLI', 5);

insert into TRABAJOS (ID_TRABAJO, NOMBRE_TRABAJO, VALOR_TRABAJO) values (17, 'VLUMP0OKYPVDWPEGIBXWD8GKTTPIJI6L', 16);

insert into TRABAJOS (ID_TRABAJO, NOMBRE_TRABAJO, VALOR_TRABAJO) values (5, '29LY56EKVH R8IQPY11CP0KR3GFQDQH2', 17);

insert into TRABAJOS (ID_TRABAJO, NOMBRE_TRABAJO, VALOR_TRABAJO) values (18, '3C9T0 S0X21DFV IU VJYFGPWDP1OBGK', 19);

insert into TRABAJOS (ID_TRABAJO, NOMBRE_TRABAJO, VALOR_TRABAJO) values (0, 'C0N233X 9APLQCMKBY6M14CYLNJM797V', 0);

insert into TRABAJOS (ID_TRABAJO, NOMBRE_TRABAJO, VALOR_TRABAJO) values (2, 'NTE3A74OIFDFDGIS19DCSPPD5RRAPJ5X', 10);

insert into TRABAJOS (ID_TRABAJO, NOMBRE_TRABAJO, VALOR_TRABAJO) values (14, 'IPU3IT2GW69HMKN57IS66NCT0M I 01T', 15);

insert into TRABAJOS (ID_TRABAJO, NOMBRE_TRABAJO, VALOR_TRABAJO) values (10, 'U15RPEMS5MB4T HUJTF83EBE5HJGWDVT', 9);

insert into TRABAJOS (ID_TRABAJO, NOMBRE_TRABAJO, VALOR_TRABAJO) values (13, '6LAKTA0EHAC9CXL7AM59K7XE23LWACXB', 12);

insert into TRABAJOS (ID_TRABAJO, NOMBRE_TRABAJO, VALOR_TRABAJO) values (12, 'IKYKURO2P1VKIHWOATKNLAT6UI3B1FRW', 3);

insert into TRABAJOS (ID_TRABAJO, NOMBRE_TRABAJO, VALOR_TRABAJO) values (19, 'FINJTYFR477ARNNYSO2H8SUA19QR3489', 11);

insert into TRABAJOS (ID_TRABAJO, NOMBRE_TRABAJO, VALOR_TRABAJO) values (11, 'YFNUTY9OKHGDKEATQXTHJP8HRA02FTFB', 14);

insert into TRABAJOS (ID_TRABAJO, NOMBRE_TRABAJO, VALOR_TRABAJO) values (15, 'KJSSOTRTWWTQ4PFUGCYK88LT9XJDK0 K', 18);

insert into TRABAJOS (ID_TRABAJO, NOMBRE_TRABAJO, VALOR_TRABAJO) values (8, '8R106M8KFV0XM DY9CDXFJNJSAK5AW9A', 6);

insert into TRABAJOS (ID_TRABAJO, NOMBRE_TRABAJO, VALOR_TRABAJO) values (6, 'BE03WAEGW2LVEF9A76BE959F8J219NF0', 4);

insert into TRABAJOS (ID_TRABAJO, NOMBRE_TRABAJO, VALOR_TRABAJO) values (4, 'EXIXFDT4NO6XCE15N2G6BJ3Q6409V434', 1);

insert into TRABAJOS (ID_TRABAJO, NOMBRE_TRABAJO, VALOR_TRABAJO) values (9, 'L942CD9CJC58G902HL95654TSU7RO464', 13);

insert into TRABAJOS (ID_TRABAJO, NOMBRE_TRABAJO, VALOR_TRABAJO) values (16, 'LO5PANV2Y3NIR8OK3S VJCL6PX736BUR', 2);

insert into PARTES (ID_PARTE, NOMBRE_PARTE) values (6, '8SSVT8 YX8G0JAYSGM8KTISH0AXST8JN');

insert into PARTES (ID_PARTE, NOMBRE_PARTE) values (10, '37KTA88B02B6HU1MOKN5SSW07 U590LM');

insert into PARTES (ID_PARTE, NOMBRE_PARTE) values (0, '3EIQ8XYBPUAFHGBOFRPCYAR JP289AUL');

insert into PARTES (ID_PARTE, NOMBRE_PARTE) values (5, 'M0M6E81WGKQ4O3KA1 8RM9D5IFS76200');

insert into PARTES (ID_PARTE, NOMBRE_PARTE) values (8, 'B5M8X1W4MJ37E0KGPSMGMF QEDMLNN5R');

insert into PARTES (ID_PARTE, NOMBRE_PARTE) values (9, 'XYI4FQQJKX1SKPTUNQJRCRQQNOE4TV9C');

insert into PARTES (ID_PARTE, NOMBRE_PARTE) values (16, '7DM521KGNTL5L6MT69X4RRIRLD8NDW V');

insert into PARTES (ID_PARTE, NOMBRE_PARTE) values (2, 'YAIVK44UA81RGT3BJQY3AAY3QEL5KBU7');

insert into PARTES (ID_PARTE, NOMBRE_PARTE) values (14, ' J1Y3K AY1W5LF204D7F LINHM4T342R');

insert into PARTES (ID_PARTE, NOMBRE_PARTE) values (1, '5SC8HCH1421317859BD2ADE0DTTYAPPP');

insert into PARTES (ID_PARTE, NOMBRE_PARTE) values (4, 'BNUPYTP0A KHDR0RDOK2COMFXLY1YWLS');

insert into PARTES (ID_PARTE, NOMBRE_PARTE) values (3, 'EO9HDSKS1GVDM3LDUE5NO1 SOK1QFWBG');

insert into PARTES (ID_PARTE, NOMBRE_PARTE) values (7, 'B8KV3FQKW M0GM0B6CO6EB0N86VTKCAT');

insert into PARTES (ID_PARTE, NOMBRE_PARTE) values (17, '3P0DYDO8H0SPY60GUB478T388VM8T9NL');

insert into PARTES (ID_PARTE, NOMBRE_PARTE) values (13, 'PA6JFKMDHUM1U 5EC0MEAABDBVM222D7');

insert into PARTES (ID_PARTE, NOMBRE_PARTE) values (12, '75U5GHK3IRNNBOTD9 OLASMM5EJMUL6P');

insert into PARTES (ID_PARTE, NOMBRE_PARTE) values (15, 'MB55GWCBAVNE2B296R1UIVP4HKC944KT');

insert into PARTES (ID_PARTE, NOMBRE_PARTE) values (18, '3RILI2IJJ9QAFCUMORQ9PF0R1D8LEATW');

insert into PARTES (ID_PARTE, NOMBRE_PARTE) values (19, 'RBJR3KGW0W8G4LSNF9166UT LQPCT510');

insert into PARTES (ID_PARTE, NOMBRE_PARTE) values (11, 'QR70CHA7JMU7JCF74IL2RT4Y GLEW62S');

insert into NUEVOS_REPUESTOS (ID_REPUESTO, NOMBRE_REPUESTO) values (8, '7S7L6R86DQFRLYJAYREA MPH3FXCJFLW');

insert into NUEVOS_REPUESTOS (ID_REPUESTO, NOMBRE_REPUESTO) values (9, 'OTVX9X0Q5W26IMBPWII4RY23DVGXGJQH');

insert into NUEVOS_REPUESTOS (ID_REPUESTO, NOMBRE_REPUESTO) values (3, 'OWS1X6O W IQOQ384L9DG492U63CPIMG');

insert into NUEVOS_REPUESTOS (ID_REPUESTO, NOMBRE_REPUESTO) values (1, '809HYLELUL6AM X48FILKUFCQVF01AQV');

insert into NUEVOS_REPUESTOS (ID_REPUESTO, NOMBRE_REPUESTO) values (7, 'G4SWML5W87TYDLJ7UFGK58EMCFANRA6F');

insert into NUEVOS_REPUESTOS (ID_REPUESTO, NOMBRE_REPUESTO) values (10, 'J 62OYOXB8EXI2I0LSJ5QUT8Y7V0Q7 H');

insert into NUEVOS_REPUESTOS (ID_REPUESTO, NOMBRE_REPUESTO) values (4, 'LCK0IYJAF18M2F9Q8QHFHL54VIK398V1');

insert into NUEVOS_REPUESTOS (ID_REPUESTO, NOMBRE_REPUESTO) values (6, 'WT9U 92AXSWKQ U8FBBK VJXGH30AYCS');

insert into NUEVOS_REPUESTOS (ID_REPUESTO, NOMBRE_REPUESTO) values (16, 'NX UHVAW5O9GNJ8  IBYEE1X47G07CR0');

insert into NUEVOS_REPUESTOS (ID_REPUESTO, NOMBRE_REPUESTO) values (11, '45MFYA5QJPE5IA45N933GCD39PXK R6R');

insert into NUEVOS_REPUESTOS (ID_REPUESTO, NOMBRE_REPUESTO) values (5, 'MSF8UCA2HURNISYJ9BHNC930BV2922GM');

insert into NUEVOS_REPUESTOS (ID_REPUESTO, NOMBRE_REPUESTO) values (13, 'H4VY5B4SHX24E31MNEMIV5JXTIOSJE9W');

insert into NUEVOS_REPUESTOS (ID_REPUESTO, NOMBRE_REPUESTO) values (2, '2ARKDWWK0P8WHKDJQ3YLADUR7AX4WD1K');

insert into NUEVOS_REPUESTOS (ID_REPUESTO, NOMBRE_REPUESTO) values (15, 'SC43M5MJMVJGL0T1DY52FQV23W5981 7');

insert into NUEVOS_REPUESTOS (ID_REPUESTO, NOMBRE_REPUESTO) values (19, 'R R7MDN7 8NRODPOHMD8PPVVPJIFWADQ');

insert into NUEVOS_REPUESTOS (ID_REPUESTO, NOMBRE_REPUESTO) values (18, 'BX6HYHG2PU51QDY7L9O0 IYXVUYW7BG5');

insert into NUEVOS_REPUESTOS (ID_REPUESTO, NOMBRE_REPUESTO) values (12, 'J BTL4DCRSO88VJC1J70ACT2IOXGE2BI');

insert into NUEVOS_REPUESTOS (ID_REPUESTO, NOMBRE_REPUESTO) values (14, 'ANPT2WYR68 9G6TD9F3UXGUBN6AP10OU');

insert into NUEVOS_REPUESTOS (ID_REPUESTO, NOMBRE_REPUESTO) values (0, 'IG65HRFQ084B8YU6NWVCQL8GEC8B941 ');

insert into NUEVOS_REPUESTOS (ID_REPUESTO, NOMBRE_REPUESTO) values (17, '5QVQH3XBDREO EIEQRAG4TYTT567PONA');

insert into MEDIDAS (ID_MEDIDA, ID_PARTE, NOMBRE_MEDIDA, VALOR_MEDIDA) values (0, 6, 'E5ALFG0HG73KX6PXVLN9AUBSE7AIU0BJ', 6);

insert into MEDIDAS (ID_MEDIDA, ID_PARTE, NOMBRE_MEDIDA, VALOR_MEDIDA) values (6, 6, '4VN7BAJKA9YPMQ3O8UAVYY4KDW2MQQWP', 7);

insert into MEDIDAS (ID_MEDIDA, ID_PARTE, NOMBRE_MEDIDA, VALOR_MEDIDA) values (4, 12, 'GXN9080TSS1BO3GBQDO24RAU9 ENOSYW', 17);

insert into MEDIDAS (ID_MEDIDA, ID_PARTE, NOMBRE_MEDIDA, VALOR_MEDIDA) values (2, 19, 'H9MTIKYROVECCQPD0MU0J7BFRGL66WQI', 2);

insert into MEDIDAS (ID_MEDIDA, ID_PARTE, NOMBRE_MEDIDA, VALOR_MEDIDA) values (14, 16, 'CPA6CWSJPFG0EHH0PX51IMFSP83YC2BL', 4);

insert into MEDIDAS (ID_MEDIDA, ID_PARTE, NOMBRE_MEDIDA, VALOR_MEDIDA) values (11, 12, '72KOM9L OCSK7N94HG6LXQN3V5PUPSKT', 0);

insert into MEDIDAS (ID_MEDIDA, ID_PARTE, NOMBRE_MEDIDA, VALOR_MEDIDA) values (8, 2, '9 PVX3DJGDEHMUB82CRB3OT54XIWGX3I', 13);

insert into MEDIDAS (ID_MEDIDA, ID_PARTE, NOMBRE_MEDIDA, VALOR_MEDIDA) values (3, 5, 'Q28IE8SEU8GE15MH6N3 X1IFB7VB7QCP', 1);

insert into MEDIDAS (ID_MEDIDA, ID_PARTE, NOMBRE_MEDIDA, VALOR_MEDIDA) values (1, 17, 'VSWEOYBARHF3D31PLBLJWQ40DIDF5YI1', 16);

insert into MEDIDAS (ID_MEDIDA, ID_PARTE, NOMBRE_MEDIDA, VALOR_MEDIDA) values (18, 3, ' IUL X8O3M5G2I5E55 3X5TO79 S1MKT', 9);

insert into MEDIDAS (ID_MEDIDA, ID_PARTE, NOMBRE_MEDIDA, VALOR_MEDIDA) values (5, 19, 'CKD817MOU1MM4QAPMW9WI2JUSVV038A0', 12);

insert into MEDIDAS (ID_MEDIDA, ID_PARTE, NOMBRE_MEDIDA, VALOR_MEDIDA) values (7, 5, 'C55P38A0Y27T1FNDW9PBON N4KHY3Q78', 15);

insert into MEDIDAS (ID_MEDIDA, ID_PARTE, NOMBRE_MEDIDA, VALOR_MEDIDA) values (13, 7, 'CD3GYXT4GWIFWQ5XWSVY HOS7HMKDEMS', 14);

insert into MEDIDAS (ID_MEDIDA, ID_PARTE, NOMBRE_MEDIDA, VALOR_MEDIDA) values (15, 19, 'Q8F4XKN2DNF195HEIXNJJJVN5QB1RYOL', 5);

insert into MEDIDAS (ID_MEDIDA, ID_PARTE, NOMBRE_MEDIDA, VALOR_MEDIDA) values (19, 14, '0OLIVTYKSC5C8K5MQ23XX7OB1AVLNJ98', 8);

insert into MEDIDAS (ID_MEDIDA, ID_PARTE, NOMBRE_MEDIDA, VALOR_MEDIDA) values (9, 18, 'LJDK7TN0TW58GCGYIHN5BBXHY1WQXM  ', 10);

insert into MEDIDAS (ID_MEDIDA, ID_PARTE, NOMBRE_MEDIDA, VALOR_MEDIDA) values (16, 5, '1ITGS1IFL74P37FIWD0FE28I2QA127DQ', 19);

insert into MEDIDAS (ID_MEDIDA, ID_PARTE, NOMBRE_MEDIDA, VALOR_MEDIDA) values (17, 13, 'T99D2F2IBX4YV9X0YT42C30GL3690LL1', 11);

insert into MEDIDAS (ID_MEDIDA, ID_PARTE, NOMBRE_MEDIDA, VALOR_MEDIDA) values (12, 13, 'KCBS29KN4RGB03KVQU9KYDGXPQ1B8JO4', 3);

insert into MEDIDAS (ID_MEDIDA, ID_PARTE, NOMBRE_MEDIDA, VALOR_MEDIDA) values (10, 7, 'U7U9994SA9PABNR3CBXMGCJCO5KBT7FU', 18);

insert into DETALLES_REPORTE (ID_DETALLE_REPORTE, ID_REPORTE, ID_TRABAJO) values (10, 1, 3);

insert into DETALLES_REPORTE (ID_DETALLE_REPORTE, ID_REPORTE, ID_TRABAJO) values (1, 13, 12);

insert into DETALLES_REPORTE (ID_DETALLE_REPORTE, ID_REPORTE, ID_TRABAJO) values (12, 3, 6);

insert into DETALLES_REPORTE (ID_DETALLE_REPORTE, ID_REPORTE, ID_TRABAJO) values (13, 13, 13);

insert into DETALLES_REPORTE (ID_DETALLE_REPORTE, ID_REPORTE, ID_TRABAJO) values (17, 15, 0);

insert into DETALLES_REPORTE (ID_DETALLE_REPORTE, ID_REPORTE, ID_TRABAJO) values (8, 7, 7);

insert into DETALLES_REPORTE (ID_DETALLE_REPORTE, ID_REPORTE, ID_TRABAJO) values (18, 0, 1);

insert into DETALLES_REPORTE (ID_DETALLE_REPORTE, ID_REPORTE, ID_TRABAJO) values (0, 4, 4);

insert into DETALLES_REPORTE (ID_DETALLE_REPORTE, ID_REPORTE, ID_TRABAJO) values (16, 13, 1);

insert into DETALLES_REPORTE (ID_DETALLE_REPORTE, ID_REPORTE, ID_TRABAJO) values (19, 15, 18);

insert into DETALLES_REPORTE (ID_DETALLE_REPORTE, ID_REPORTE, ID_TRABAJO) values (5, 13, 8);

insert into DETALLES_REPORTE (ID_DETALLE_REPORTE, ID_REPORTE, ID_TRABAJO) values (3, 8, 15);

insert into DETALLES_REPORTE (ID_DETALLE_REPORTE, ID_REPORTE, ID_TRABAJO) values (15, 6, 3);

insert into DETALLES_REPORTE (ID_DETALLE_REPORTE, ID_REPORTE, ID_TRABAJO) values (9, 15, 10);

insert into DETALLES_REPORTE (ID_DETALLE_REPORTE, ID_REPORTE, ID_TRABAJO) values (14, 13, 1);

insert into DETALLES_REPORTE (ID_DETALLE_REPORTE, ID_REPORTE, ID_TRABAJO) values (11, 15, 3);

insert into DETALLES_REPORTE (ID_DETALLE_REPORTE, ID_REPORTE, ID_TRABAJO) values (4, 19, 9);

insert into DETALLES_REPORTE (ID_DETALLE_REPORTE, ID_REPORTE, ID_TRABAJO) values (7, 0, 0);

insert into DETALLES_REPORTE (ID_DETALLE_REPORTE, ID_REPORTE, ID_TRABAJO) values (6, 6, 15);

insert into DETALLES_REPORTE (ID_DETALLE_REPORTE, ID_REPORTE, ID_TRABAJO) values (2, 3, 19);

insert into ORDENES (ID_ORDEN, ID_MOTOR, ID_TALLER, CC_PERSONA, PLACA, FECHA_RECIBIDO, FECHA_ENTREGA) values (17, 19, 18, 2, 'COL90R', '1629-10-3 11:51:38', '970-12-24 8:9:22');

insert into ORDENES (ID_ORDEN, ID_MOTOR, ID_TALLER, CC_PERSONA, PLACA, FECHA_RECIBIDO, FECHA_ENTREGA) values (7, 14, 19, 6, '56GPFD', '1481-9-7 11:20:32', '1796-2-11 14:36:58');

insert into ORDENES (ID_ORDEN, ID_MOTOR, ID_TALLER, CC_PERSONA, PLACA, FECHA_RECIBIDO, FECHA_ENTREGA) values (1, 13, 19, 4, '4NKLYY', '331-11-18 3:28:31', '333-4-26 2:28:33');

insert into ORDENES (ID_ORDEN, ID_MOTOR, ID_TALLER, CC_PERSONA, PLACA, FECHA_RECIBIDO, FECHA_ENTREGA) values (5, 8, 13, 8, 'D6U1G ', '465-2-12 3:53:18', '1120-9-2 9:46:43');

insert into ORDENES (ID_ORDEN, ID_MOTOR, ID_TALLER, CC_PERSONA, PLACA, FECHA_RECIBIDO, FECHA_ENTREGA) values (18, 8, 19, 3, '48NSD9', '168-6-9 1:35:45', '219-7-7 1:24:27');

insert into ORDENES (ID_ORDEN, ID_MOTOR, ID_TALLER, CC_PERSONA, PLACA, FECHA_RECIBIDO, FECHA_ENTREGA) values (9, 13, 6, 1, 'MCAX0E', '1278-4-18 9:33:49', '755-3-4 5:4:46');

insert into ORDENES (ID_ORDEN, ID_MOTOR, ID_TALLER, CC_PERSONA, PLACA, FECHA_RECIBIDO, FECHA_ENTREGA) values (12, 12, 1, 9, ' 79GF4', '280-1-14 2:26:34', '1431-3-12 12:37:44');

insert into ORDENES (ID_ORDEN, ID_MOTOR, ID_TALLER, CC_PERSONA, PLACA, FECHA_RECIBIDO, FECHA_ENTREGA) values (10, 17, 10, 0, '22C7HV', '1213-8-3 8:26:59', '870-8-18 7:6:51');

insert into ORDENES (ID_ORDEN, ID_MOTOR, ID_TALLER, CC_PERSONA, PLACA, FECHA_RECIBIDO, FECHA_ENTREGA) values (16, 11, 7, 1, 'D2FRLU', '1934-11-2 13:34:8', '452-7-12 3:13:30');

insert into ORDENES (ID_ORDEN, ID_MOTOR, ID_TALLER, CC_PERSONA, PLACA, FECHA_RECIBIDO, FECHA_ENTREGA) values (4, 10, 1, 11, 'MYLE5G', '98-5-29 0:50:0', '803-12-28 5:59:32');

insert into ORDENES (ID_ORDEN, ID_MOTOR, ID_TALLER, CC_PERSONA, PLACA, FECHA_RECIBIDO, FECHA_ENTREGA) values (2, 4, 2, 5, 'W190T0', '992-11-9 6:25:39', '1029-8-16 8:49:30');

insert into ORDENES (ID_ORDEN, ID_MOTOR, ID_TALLER, CC_PERSONA, PLACA, FECHA_RECIBIDO, FECHA_ENTREGA) values (6, 7, 11, 3, '6EW5TP', '1861-2-27 12:48:58', '1657-3-31 14:11:22');

insert into ORDENES (ID_ORDEN, ID_MOTOR, ID_TALLER, CC_PERSONA, PLACA, FECHA_RECIBIDO, FECHA_ENTREGA) values (8, 3, 4, 3, ' H2DJ9', '770-10-19 5:39:17', '1284-2-17 11:26:33');

insert into ORDENES (ID_ORDEN, ID_MOTOR, ID_TALLER, CC_PERSONA, PLACA, FECHA_RECIBIDO, FECHA_ENTREGA) values (11, 8, 7, 1, 'KC04JB', '1733-1-25 12:16:56', '110-8-31 0:36:44');

insert into ORDENES (ID_ORDEN, ID_MOTOR, ID_TALLER, CC_PERSONA, PLACA, FECHA_RECIBIDO, FECHA_ENTREGA) values (0, 13, 8, 0, 'JIOJ8T', '1368-4-20 10:23:34', '1377-6-3 11:51:51');

insert into ORDENES (ID_ORDEN, ID_MOTOR, ID_TALLER, CC_PERSONA, PLACA, FECHA_RECIBIDO, FECHA_ENTREGA) values (3, 0, 8, 17, 'OWMRHU', '1-1-1 0:0:0', '539-3-20 3:42:56');

insert into ORDENES (ID_ORDEN, ID_MOTOR, ID_TALLER, CC_PERSONA, PLACA, FECHA_RECIBIDO, FECHA_ENTREGA) values (14, 8, 12, 18, '86L4D3', '691-2-6 4:52:19', '619-1-26 4:29:33');

insert into ORDENES (ID_ORDEN, ID_MOTOR, ID_TALLER, CC_PERSONA, PLACA, FECHA_RECIBIDO, FECHA_ENTREGA) values (19, 1, 11, 11, 'MIIOSG', '862-11-25 6:2:56', '1224-2-9 10:54:45');

insert into ORDENES (ID_ORDEN, ID_MOTOR, ID_TALLER, CC_PERSONA, PLACA, FECHA_RECIBIDO, FECHA_ENTREGA) values (13, 12, 4, 9, 'IMRHP0', '1095-8-20 7:27:35', '1520-7-21 13:38:48');

insert into ORDENES (ID_ORDEN, ID_MOTOR, ID_TALLER, CC_PERSONA, PLACA, FECHA_RECIBIDO, FECHA_ENTREGA) values (15, 11, 17, 0, 'BJYFTE', '598-6-5 4:18:46', '1-1-1 0:0:0');

insert into DETALLES_ORDEN (ID_DETALLE_ORDEN, ID_ORDEN, ID_TRABAJO, ID_REPUESTO, ID_PARTE, CANTIDAD) values (16, 17, 3, 8, 6, 12);

insert into DETALLES_ORDEN (ID_DETALLE_ORDEN, ID_ORDEN, ID_TRABAJO, ID_REPUESTO, ID_PARTE, CANTIDAD) values (7, 3, 0, 6, 12, 3);

insert into DETALLES_ORDEN (ID_DETALLE_ORDEN, ID_ORDEN, ID_TRABAJO, ID_REPUESTO, ID_PARTE, CANTIDAD) values (6, 7, 6, 6, 4, 6);

insert into DETALLES_ORDEN (ID_DETALLE_ORDEN, ID_ORDEN, ID_TRABAJO, ID_REPUESTO, ID_PARTE, CANTIDAD) values (4, 10, 17, 10, 4, 11);

insert into DETALLES_ORDEN (ID_DETALLE_ORDEN, ID_ORDEN, ID_TRABAJO, ID_REPUESTO, ID_PARTE, CANTIDAD) values (10, 8, 12, 13, 6, 2);

insert into DETALLES_ORDEN (ID_DETALLE_ORDEN, ID_ORDEN, ID_TRABAJO, ID_REPUESTO, ID_PARTE, CANTIDAD) values (14, 3, 17, 11, 15, 9);

insert into DETALLES_ORDEN (ID_DETALLE_ORDEN, ID_ORDEN, ID_TRABAJO, ID_REPUESTO, ID_PARTE, CANTIDAD) values (17, 5, 12, 11, 8, 0);

insert into DETALLES_ORDEN (ID_DETALLE_ORDEN, ID_ORDEN, ID_TRABAJO, ID_REPUESTO, ID_PARTE, CANTIDAD) values (3, 9, 7, 18, 12, 7);

insert into DETALLES_ORDEN (ID_DETALLE_ORDEN, ID_ORDEN, ID_TRABAJO, ID_REPUESTO, ID_PARTE, CANTIDAD) values (8, 4, 4, 9, 0, 17);

insert into DETALLES_ORDEN (ID_DETALLE_ORDEN, ID_ORDEN, ID_TRABAJO, ID_REPUESTO, ID_PARTE, CANTIDAD) values (11, 6, 6, 7, 2, 14);

insert into DETALLES_ORDEN (ID_DETALLE_ORDEN, ID_ORDEN, ID_TRABAJO, ID_REPUESTO, ID_PARTE, CANTIDAD) values (19, 17, 18, 13, 7, 18);

insert into DETALLES_ORDEN (ID_DETALLE_ORDEN, ID_ORDEN, ID_TRABAJO, ID_REPUESTO, ID_PARTE, CANTIDAD) values (9, 17, 13, 3, 2, 15);

insert into DETALLES_ORDEN (ID_DETALLE_ORDEN, ID_ORDEN, ID_TRABAJO, ID_REPUESTO, ID_PARTE, CANTIDAD) values (18, 2, 4, 12, 16, 13);

insert into DETALLES_ORDEN (ID_DETALLE_ORDEN, ID_ORDEN, ID_TRABAJO, ID_REPUESTO, ID_PARTE, CANTIDAD) values (12, 9, 8, 13, 19, 8);

insert into DETALLES_ORDEN (ID_DETALLE_ORDEN, ID_ORDEN, ID_TRABAJO, ID_REPUESTO, ID_PARTE, CANTIDAD) values (5, 11, 4, 14, 17, 10);

insert into DETALLES_ORDEN (ID_DETALLE_ORDEN, ID_ORDEN, ID_TRABAJO, ID_REPUESTO, ID_PARTE, CANTIDAD) values (13, 1, 19, 19, 15, 16);

insert into DETALLES_ORDEN (ID_DETALLE_ORDEN, ID_ORDEN, ID_TRABAJO, ID_REPUESTO, ID_PARTE, CANTIDAD) values (2, 0, 2, 10, 9, 1);

insert into DETALLES_ORDEN (ID_DETALLE_ORDEN, ID_ORDEN, ID_TRABAJO, ID_REPUESTO, ID_PARTE, CANTIDAD) values (0, 11, 7, 16, 5, 19);

insert into DETALLES_ORDEN (ID_DETALLE_ORDEN, ID_ORDEN, ID_TRABAJO, ID_REPUESTO, ID_PARTE, CANTIDAD) values (1, 16, 7, 19, 19, 4);

insert into DETALLES_ORDEN (ID_DETALLE_ORDEN, ID_ORDEN, ID_TRABAJO, ID_REPUESTO, ID_PARTE, CANTIDAD) values (15, 4, 6, 18, 0, 5);

insert into HISTORICOS_MOTORES (ID_HISTORICO, ID_MEDIDA_INICIAL, ID_MEDIDA_FINAL, ID_DETALLE_ORDEN) values (2, 0, 0, 18);

insert into HISTORICOS_MOTORES (ID_HISTORICO, ID_MEDIDA_INICIAL, ID_MEDIDA_FINAL, ID_DETALLE_ORDEN) values (16, 11, 11, 5);

insert into HISTORICOS_MOTORES (ID_HISTORICO, ID_MEDIDA_INICIAL, ID_MEDIDA_FINAL, ID_DETALLE_ORDEN) values (3, 17, 13, 9);

insert into HISTORICOS_MOTORES (ID_HISTORICO, ID_MEDIDA_INICIAL, ID_MEDIDA_FINAL, ID_DETALLE_ORDEN) values (1, 16, 4, 12);

insert into HISTORICOS_MOTORES (ID_HISTORICO, ID_MEDIDA_INICIAL, ID_MEDIDA_FINAL, ID_DETALLE_ORDEN) values (7, 16, 19, 17);

insert into HISTORICOS_MOTORES (ID_HISTORICO, ID_MEDIDA_INICIAL, ID_MEDIDA_FINAL, ID_DETALLE_ORDEN) values (11, 6, 14, 14);

insert into HISTORICOS_MOTORES (ID_HISTORICO, ID_MEDIDA_INICIAL, ID_MEDIDA_FINAL, ID_DETALLE_ORDEN) values (4, 8, 1, 13);

insert into HISTORICOS_MOTORES (ID_HISTORICO, ID_MEDIDA_INICIAL, ID_MEDIDA_FINAL, ID_DETALLE_ORDEN) values (0, 6, 17, 12);

insert into HISTORICOS_MOTORES (ID_HISTORICO, ID_MEDIDA_INICIAL, ID_MEDIDA_FINAL, ID_DETALLE_ORDEN) values (5, 5, 4, 7);

insert into HISTORICOS_MOTORES (ID_HISTORICO, ID_MEDIDA_INICIAL, ID_MEDIDA_FINAL, ID_DETALLE_ORDEN) values (6, 16, 19, 13);

insert into HISTORICOS_MOTORES (ID_HISTORICO, ID_MEDIDA_INICIAL, ID_MEDIDA_FINAL, ID_DETALLE_ORDEN) values (17, 4, 17, 3);

insert into HISTORICOS_MOTORES (ID_HISTORICO, ID_MEDIDA_INICIAL, ID_MEDIDA_FINAL, ID_DETALLE_ORDEN) values (8, 16, 1, 4);

insert into HISTORICOS_MOTORES (ID_HISTORICO, ID_MEDIDA_INICIAL, ID_MEDIDA_FINAL, ID_DETALLE_ORDEN) values (19, 1, 16, 6);

insert into HISTORICOS_MOTORES (ID_HISTORICO, ID_MEDIDA_INICIAL, ID_MEDIDA_FINAL, ID_DETALLE_ORDEN) values (12, 5, 7, 12);

insert into HISTORICOS_MOTORES (ID_HISTORICO, ID_MEDIDA_INICIAL, ID_MEDIDA_FINAL, ID_DETALLE_ORDEN) values (13, 6, 13, 6);

insert into HISTORICOS_MOTORES (ID_HISTORICO, ID_MEDIDA_INICIAL, ID_MEDIDA_FINAL, ID_DETALLE_ORDEN) values (9, 6, 17, 16);

insert into HISTORICOS_MOTORES (ID_HISTORICO, ID_MEDIDA_INICIAL, ID_MEDIDA_FINAL, ID_DETALLE_ORDEN) values (15, 14, 4, 2);

insert into HISTORICOS_MOTORES (ID_HISTORICO, ID_MEDIDA_INICIAL, ID_MEDIDA_FINAL, ID_DETALLE_ORDEN) values (10, 4, 18, 0);

insert into HISTORICOS_MOTORES (ID_HISTORICO, ID_MEDIDA_INICIAL, ID_MEDIDA_FINAL, ID_DETALLE_ORDEN) values (18, 1, 0, 7);

insert into HISTORICOS_MOTORES (ID_HISTORICO, ID_MEDIDA_INICIAL, ID_MEDIDA_FINAL, ID_DETALLE_ORDEN) values (14, 12, 0, 9);

